utc,true_lat,true_lon,num_sights,sights
2030-10-09T17:16:45Z,20.0,179.9,6,Procyon:67.2067:128.3051|Mirfak:43.0921:320.8319|Dubhe:27.4875:30.0411|Schedar:18.3002:324.7408|Bellatrix:69.5164:230.4615|Suhail:16.6998:151.0168
2005-07-07T21:39:19Z,20.0,179.9,6,Pollux:47.7082:69.9574|Mirfak:56.3391:337.1589|Alnilam:65.0425:146.5837|Bellatrix:72.8669:141.3241|Betelgeuse:68.3442:123.0077|Venus:30.039:79.2331
2046-11-10T15:28:39Z,64.15,-21.95,6,Mirfak:26.2862:19.8113|Alphecca:48.8438:216.5726|Alkaid:58.4923:267.0672|Rasalhague:38.3006:174.8846|Dubhe:51.0813:310.6858|Arcturus:35.4523:236.2312
2033-06-29T14:46:47Z,43.77,11.25,6,Alioth:60.3853:50.8037|Procyon:40.2468:229.5698|Polaris:43.645:359.1791|Eltanin:19.1095:35.4225|Kochab:46.6678:22.3849|Gienah:21.3032:145.7093
2042-04-14T05:08:20Z,43.77,11.25,6,Alioth:31.5394:319.0096|Schedar:40.4053:45.1159|Arcturus:22.6357:275.0513|Kochab:47.6492:337.6505|Mirfak:16.9219:35.1618|Dubhe:24.473:334.3456
2013-03-18T22:24:45Z,-55.9,-67.2,6,Acrux:43.6056:142.3154|Alphard:25.5892:65.9562|Acamar:59.1265:282.9571|Peacock:27.3718:203.9584|Avior:68.6325:116.4568|Sirius:49.0329:23.4457
2003-01-01T06:35:27Z,64.15,-21.95,6,Arcturus:38.7846:133.8415|Alkaid:68.3922:119.3184|Elnath:23.0975:288.2814|Procyon:16.3807:247.0888|Kochab:71.7261:38.2427|Mirfak:31.4559:322.4809
2038-08-13T00:19:15Z,64.15,-21.95,6,Schedar:58.0764:71.6986|Mirfak:37.2753:50.4564|Hamal:22.0442:80.9967|Alkaid:40.1654:301.8277|Enif:33.7003:153.5421|Vega:60.7464:222.0525
2042-04-03T09:27:29Z,64.15,-21.95,6,Rasalhague:28.8506:235.3118|Alkaid:37.5139:306.9385|Sun:17.2308:114.3975|Kochab:60.1011:326.386|Dubhe:38.3453:339.6898|Capella:27.4326:37.9364
2032-04-02T16:34:28Z,0.0,0.0,6,Menkar:55.5702:277.4642|Diphda:20.0482:250.9967|Canopus:35.6121:168.1691|Saturn:68.0911:352.1848|Procyon:54.6154:81.107|Regulus:17.2807:77.6286
2002-02-21T13:56:42Z,35.0,-40.0,6,Alphecca:17.3775:290.8369|Sun:42.5545:160.8438|Fomalhaut:21.5557:157.7043|Rasalhague:34.2825:261.0158|Nunki:19.5808:214.6079|Diphda:18.6198:129.3135
2031-10-22T23:34:02Z,0.0,0.0,6,Schedar:32.1569:350.9044|Elnath:28.2465:57.0502|Bellatrix:32.7655:82.4108|Menkar:68.3231:78.5239|Acamar:45.8257:157.7945|Fomalhaut:41.9488:228.6167
2019-12-25T07:22:36Z,43.77,11.25,6,Alphecca:67.2934:132.8669|Regulus:27.5424:259.7256|Arcturus:65.2853:182.9042|Vega:42.8774:72.8592|Eltanin:53.767:58.2691|Polaris:43.1286:359.8593
2014-09-22T07:43:29Z,-55.9,-67.2,6,Miaplacidus:51.4312:146.3366|Menkar:29.8622:355.3993|Betelgeuse:18.8997:41.5169|Fomalhaut:37.8277:271.9141|Atria:36.0563:189.8631|Peacock:38.4925:223.1221
2027-12-08T10:56:42Z,64.15,-21.95,6,Pollux:19.8103:293.5332|Alphecca:51.2765:158.6501|Arcturus:44.7596:186.6274|Polaris:63.5402:359.7954|Alioth:74.9571:248.2207|Capella:24.6711:330.2518
2012-05-26T06:43:27Z,20.0,179.9,6,Alphard:53.462:220.3507|Alphecca:27.1997:69.5092|Menkent:18.29:141.8076|Zubenelg.:22.6439:118.1313|Polaris:19.6203:359.3942|Saturn:44.3307:121.7973
2009-01-28T07:03:10Z,64.15,-21.95,6,Mirfak:25.0863:346.1107|Schedar:31.8386:13.5992|Denebola:35.0967:221.6035|Dubhe:69.6208:284.0425|Eltanin:58.1386:85.4942|Deneb:36.3242:59.5812
2048-11-25T05:33:46Z,20.0,179.9,6,Altair:59.1156:253.4971|Kochab:15.0156:343.9948|Vega:44.3593:305.2724|Alnair:23.1448:176.5386|Nunki:27.3345:224.1426|Alpheratz:57.3689:66.4651
2001-10-05T22:57:55Z,64.15,-21.95,6,Schedar:72.2781:99.9362|Alphecca:18.2683:293.8526|Saturn:15.7758:74.8465|Kochab:54.7134:334.5336|Markab:40.6724:168.5134|Vega:48.0796:261.4817
2030-03-16T06:06:38Z,-55.9,-67.2,6,Kaus Aus.:34.1954:102.339|Alphard:25.8428:294.3504|Alnair:19.6527:148.5913|Miaplacidus:60.9371:217.8729|Peacock:36.3624:139.6765|Nunki:23.6958:102.3267
2020-06-07T05:28:56Z,-33.87,151.21,6,Regulus:39.3619:29.4281|Procyon:48.6418:337.9348|Rigil Kent:28.8073:146.3149|Betelgeuse:33.685:309.3477|Gacrux:44.6712:139.5058|Avior:64.1705:184.4099
2021-04-04T19:36:47Z,-33.87,151.21,6,Miaplacidus:17.5958:193.3515|Acrux:29.0688:211.0182|Enif:27.0895:54.7254|Altair:43.4851:26.6154|Alphecca:16.0407:319.0179|Fomalhaut:34.6757:104.8956
2047-02-27T07:01:31Z,35.0,-40.0,6,Alkaid:72.091:326.378|Menkent:17.7918:188.4562|Gienah:26.1299:220.5976|Regulus:23.2639:268.2318|Antares:23.8522:154.9388|Eltanin:52.8132:48.9064
2050-07-01T06:15:21Z,-55.9,-67.2,6,Altair:24.7673:351.4951|Kaus Aus.:60.5901:304.7845|Miaplacidus:36.1433:185.1894|Hadar:44.5153:223.3269|Fomalhaut:51.7896:62.4257|Enif:21.807:21.8396
2002-03-01T12:28:44Z,43.77,11.25,6,Alpheratz:74.887:164.5997|Polaris:44.3166:0.6586|Saturn:28.4793:88.6496|Aldebaran:24.6468:90.3718|Kochab:31.7491:346.8405|Vega:33.1755:294.2044
2027-09-16T22:58:24Z,64.15,-21.95,6,Kochab:58.5887:328.3412|Capella:29.3401:42.8505|Deneb:70.7461:196.617|Rasalhague:26.3636:242.1581|Altair:32.9531:204.0776|Vega:55.9643:240.825
2037-08-14T05:58:41Z,0.0,0.0,6,Mars:73.4279:332.0917|Aldebaran:66.5365:44.22|Hamal:59.1963:321.5291|Sirius:38.8968:111.7587|Ankaa:31.2502:218.3531|Markab:23.0737:286.7857
2023-04-20T15:41:33Z,64.15,-21.95,6,Mirfak:74.7503:206.2625|Alioth:35.5358:30.9262|Rigel:16.5418:162.4259|Polaris:64.7583:359.5604|Venus:49.6305:169.8905|Alnilam:22.5973:155.5873
2038-01-09T13:46:36Z,35.0,-40.0,6,Markab:24.3307:87.7426|Sabik:36.5186:201.3714|Dubhe:22.0244:330.986|Altair:56.9342:136.6047|Kochab:43.3636:342.3237|Alkaid:39.0005:308.367
2024-05-30T17:52:13Z,35.0,-40.0,6,Polaris:35.1991:359.2621|Regulus:50.2999:116.8074|Schedar:20.6541:325.6947|Adhara:25.0167:191.4757|Aldebaran:43.9713:258.9237|Hamal:17.4181:286.9813
2039-10-25T23:43:25Z,-33.87,151.21,6,Zubenelg.:48.4374:75.4953|Atria:37.7736:154.5889|Venus:48.3552:338.9267|Alphard:46.3886:295.8849|Menkent:64.6685:105.0011|Sirius:17.7492:261.3726
2046-11-15T22:08:03Z,64.15,-21.95,6,Polaris:64.4954:0.9985|Deneb:55.0007:264.3782|Kochab:50.2856:344.7665|Alkaid:24.5452:344.2648|Aldebaran:25.9357:105.9715|Capella:46.6342:77.3461
2005-10-15T12:53:41Z,1.35,103.82,6,Rasalhague:31.8744:283.9707|Altair:65.3081:288.5744|Schedar:22.4755:26.6618|Moon:53.6383:97.1969|Diphda:37.5426:114.0153|Shaula:24.1708:227.7701
2013-01-13T05:10:59Z,64.15,-21.95,6,Procyon:19.8034:238.4783|Eltanin:40.8709:54.0452|Alphecca:34.5832:99.9408|Denebola:39.9736:168.8701|Arcturus:35.7208:124.012|Schedar:31.9012:346.1523
2050-12-28T14:39:34Z,1.35,103.82,6,Canopus:28.3779:156.555|Aldebaran:72.4787:28.9724|Sirius:45.7876:116.0181|Schedar:21.755:333.125|Hamal:54.5206:311.2796|Capella:42.2574:17.926
2030-07-09T08:25:54Z,64.15,-21.95,6,Saturn:40.4501:140.1215|Sun:25.7215:91.5607|Betelgeuse:20.4462:116.9893|Enif:19.5797:251.9005|Dubhe:40.2432:26.379|Mars:32.8181:102.7082
2024-12-07T03:41:36Z,0.0,0.0,6,Alnilam:42.5534:268.3912|Spica:19.7791:102.0077|Pollux:58.5135:333.8724|Mars:68.3905:353.6554|Procyon:72.587:287.4956|Betelgeuse:46.8089:280.8648
2009-02-21T12:35:56Z,-55.9,-67.2,6,Sun:24.3049:71.7072|Rigil Kent:62.4349:237.4832|Shaula:70.0843:336.5385|Menkent:44.9578:268.766|Rasalhague:21.0885:350.0481|Antares:55.1418:316.9122
2013-04-06T07:55:45Z,35.0,-40.0,6,Markab:22.7588:86.8452|Kochab:43.8508:342.8206|Rasalhague:65.8533:204.0068|Polaris:34.5809:0.6479|Alphecca:54.9924:267.4411|Antares:23.7489:205.5322
2039-05-08T15:41:14Z,20.0,179.9,6,Kochab:27.5645:344.5632|Alphecca:46.1674:287.9712|Deneb:55.0499:36.6509|Enif:45.5707:96.081|Zubenelg.:22.2793:241.9635|Schedar:17.0819:35.0008
2036-03-10T00:22:35Z,1.35,103.82,6,Deneb:37.293:28.6656|Alnair:22.1269:142.7995|Kaus Aus.:54.274:181.5467|Sabik:64.1389:227.8044|Sun:16.7677:94.5411|Fomalhaut:19.0424:121.8778
2038-08-24T21:22:44Z,-55.9,-67.2,6,Menkent:68.3123:327.0281|Sabik:43.2741:43.5424|Acrux:69.0654:233.1722|Spica:41.4152:326.5549|Suhail:35.1163:242.3067|Nunki:39.4226:78.8656
2029-09-03T10:30:50Z,-33.87,151.21,6,Acrux:23.7606:208.3856|Peacock:64.9619:160.0269|Ankaa:32.1013:122.1974|Markab:18.2876:56.0823|Atria:48.7296:199.8254|Shaula:67.1726:253.797
2017-10-01T10:53:27Z,-33.87,151.21,6,Ankaa:56.3565:116.8664|Rigil Kent:22.597:210.6193|Acamar:28.1798:121.5286|Kaus Aus.:50.1584:255.1108|Altair:40.1112:324.0584|Markab:36.7396:26.1458
2006-02-23T11:50:31Z,43.77,11.25,6,Fomalhaut:16.6051:177.8399|Schedar:68.1684:44.2272|Enif:53.3939:207.0828|Kochab:34.6334:343.1672|Capella:25.7884:49.9371|Markab:61.2478:171.6592
2011-08-13T22:01:20Z,-33.87,151.21,6,Mars:30.8755:15.0688|Alphard:30.8758:79.1155|Pollux:20.6984:30.9103|Avior:52.4154:146.1106|Miaplacidus:43.5132:157.0697|Betelgeuse:48.4026:8.1051
2047-05-12T08:03:51Z,-33.87,151.21,6,Rigil Kent:34.5771:144.7968|Denebola:31.0528:41.2784|Procyon:43.5505:321.7906|Acrux:49.5302:150.6906|Alnilam:27.1907:288.4825|Rigel:26.8889:278.5619
2007-10-12T14:12:08Z,0.0,0.0,6,Altair:25.6811:80.1263|Alioth:25.3337:336.3988|Alkaid:35.5973:338.7504|Kochab:15.5683:356.8526|Zubenelg.:70.6125:213.4767|Hadar:27.0924:192.3728
2023-05-08T07:56:29Z,0.0,0.0,6,Diphda:58.6745:126.1514|Achernar:24.719:157.5937|Nunki:25.9136:240.5254|Deneb:35.4079:330.8039|Enif:68.9031:298.7767|Markab:74.6054:5.3198
2032-04-27T08:59:33Z,35.0,-40.0,6,Vega:64.8232:288.0031|Alphecca:25.1168:285.997|Kochab:33.9747:340.6266|Alkaid:17.9414:318.0679|Polaris:34.9147:0.7307|Hamal:19.9553:74.5753
2041-05-11T06:22:56Z,-33.87,151.21,6,Suhail:71.0127:127.0283|Acrux:38.3228:147.2786|Canopus:66.2893:211.2492|Alphard:55.3626:49.7613|Gienah:27.6868:93.6099|Gacrux:37.4117:139.7513
2029-11-05T21:58:56Z,1.35,103.82,6,Gienah:22.941:109.8969|Dubhe:20.0383:21.8971|Alphard:64.6664:114.0141|Betelgeuse:59.7252:282.448|Miaplacidus:17.6328:173.0963|Mirfak:15.4148:321.9953
2027-12-24T17:38:51Z,43.77,11.25,6,Enif:40.0652:240.5743|Diphda:28.3611:177.5511|Vega:25.9918:299.9031|Eltanin:27.7519:316.0815|Altair:19.8966:263.2372|Polaris:44.249:0.5366
2050-07-27T17:19:40Z,1.35,103.82,6,Saturn:69.2299:183.1046|Nunki:53.5431:219.1227|Enif:70.6474:62.4259|Alnair:37.6848:159.7524|Ankaa:22.275:137.1645|Rasalhague:44.0549:286.2117
2038-11-03T18:17:17Z,43.77,11.25,6,Vega:53.3115:279.6388|Alioth:16.598:335.3537|Markab:57.776:146.0442|Alpheratz:59.4411:106.8165|Schedar:60.7736:48.7249|Hamal:34.8115:89.4055
2050-04-17T15:35:21Z,43.77,11.25,6,Aldebaran:57.3764:220.3073|Schedar:40.2564:315.0231|Venus:48.8549:246.0938|Elnath:73.3551:207.5244|Sirius:28.6338:168.2104|Jupiter:58.752:126.6492
2012-02-01T18:52:37Z,64.15,-21.95,6,Venus:16.0435:221.1005|Menkar:29.2364:164.9438|Capella:58.7308:102.6968|Moon:43.3338:147.1033|Vega:25.4427:307.5393|Hamal:49.3695:180.8861
2046-10-20T13:05:22Z,64.15,-21.95,6,Mirfak:26.3082:340.0791|Schedar:31.3405:8.1277|Denebola:37.0971:211.7766|Polaris:63.6794:359.3265|Pollux:26.4067:280.0007|Regulus:26.9155:238.3566
2021-10-30T20:26:25Z,1.35,103.82,6,Alphard:36.8518:101.9947|Suhail:28.3259:142.6665|Capella:44.4421:350.0645|Adhara:56.3955:155.7275|Regulus:27.0871:77.3557|Sirius:68.5213:147.8729
2012-11-15T23:31:09Z,0.0,0.0,6,Ankaa:33.675:216.1246|Elnath:47.0234:45.368|Pollux:19.0621:60.2274|Betelgeuse:48.7123:78.732|Diphda:49.303:241.8517|Mirfak:40.0232:2.596
2030-07-31T02:19:06Z,35.0,-40.0,6,Enif:57.4492:134.6041|Alioth:18.6135:326.0525|Kochab:35.9574:340.398|Alpheratz:40.4508:79.2158|Rasalhague:47.9092:247.6863|Polaris:34.8402:0.7256
2014-06-13T13:19:22Z,20.0,179.9,6,Kaus Aus.:35.3992:185.2922|Eltanin:57.0731:345.908|Markab:28.3804:82.9823|Alkaid:25.0332:316.0314|Enif:45.7946:96.3543|Deneb:55.2036:36.6332
2047-06-05T02:28:36Z,64.15,-21.95,6,Arcturus:32.2341:245.0639|Altair:31.0007:145.268|Polaris:63.6852:0.6861|Enif:22.6627:115.2269|Vega:63.8559:160.2931|Alpheratz:24.4663:72.7889
2022-11-07T16:21:15Z,43.77,11.25,6,Mirfak:22.6574:41.5247|Enif:50.803:142.6482|Sabik:17.4192:226.007|Dubhe:20.9229:339.7519|Alphecca:32.4226:277.3037|Alkaid:28.1507:312.5575
2001-06-17T04:33:31Z,0.0,0.0,6,Schedar:26.3974:21.3512|Kaus Aus.:26.0806:231.0418|Alnair:43.0218:181.6817|Eltanin:15.4255:324.2653|Peacock:29.137:196.823|Altair:52.9075:284.8144
2045-02-10T17:39:17Z,64.15,-21.95,6,Alioth:30.1096:6.5327|Bellatrix:19.322:116.9555|Betelgeuse:17.2482:109.3302|Dubhe:38.7357:21.8283|Deneb:46.7984:280.9137|Hamal:49.1533:168.2535
2050-09-29T07:01:55Z,64.15,-21.95,6,Alnilam:24.4679:187.7645|Polaris:64.6042:359.2898|Regulus:22.938:111.5776|Alkaid:33.8047:45.3213|Deneb:23.8308:331.1324|Menkar:21.8328:230.0428
2009-11-21T01:10:56Z,0.0,0.0,6,Mars:28.3587:68.9266|Hamal:39.5919:301.18|Canopus:35.1628:166.6562|Sirius:61.4401:127.0158|Achernar:18.8595:207.3611|Mirfak:35.1527:339.3137
2044-01-21T07:18:50Z,0.0,0.0,6,Rigil Kent:28.5644:185.1537|Alkaid:37.1681:341.5067|Spica:59.8156:246.8707|Shaula:41.2996:143.4675|Acrux:19.2379:198.8206|Jupiter:27.3614:115.2198
2005-07-06T19:00:35Z,-55.9,-67.2,6,Gienah:40.6944:55.9527|Adhara:51.9191:298.9431|Procyon:24.7179:329.1288|Shaula:15.7442:134.567|Zubenelg.:18.8282:91.0272|Atria:44.9314:151.5631
2006-07-21T08:58:01Z,64.15,-21.95,6,Menkar:29.8161:186.7764|Deneb:35.4869:302.0489|Pollux:35.88:99.4127|Alnilam:20.3979:144.9375|Markab:24.3646:254.1615|Saturn:18.6198:87.5363
2017-08-14T08:33:53Z,64.15,-21.95,6,Capella:71.0296:158.1986|Alkaid:28.1271:29.971|Dubhe:50.1667:47.3949|Alioth:37.4023:35.7386|Polaris:64.7502:359.3144|Procyon:22.6572:129.5872
2005-03-05T22:57:17Z,20.0,179.9,6,Vega:44.2213:305.1619|Hamal:31.0663:73.9858|Markab:71.9804:102.4274|Deneb:60.8284:334.1132|Kochab:15.1367:344.1423|Moon:26.9242:221.3057
2050-06-09T19:39:25Z,-55.9,-67.2,6,Rigil Kent:44.5872:137.3571|Menkent:31.4728:110.0784|Alphard:41.2223:21.9049|Alnilam:25.9718:312.7452|Adhara:59.3194:322.3882|Ankaa:20.7065:224.084
2006-05-02T19:54:10Z,-33.87,151.21,6,Atria:42.6763:204.3689|Fomalhaut:60.7679:91.0498|Altair:45.6161:342.1031|Diphda:33.9964:89.7184|Antares:35.9466:259.8693|Hadar:24.7457:212.4582
2023-10-13T15:50:33Z,0.0,0.0,6,Menkent:32.848:224.9453|Shaula:52.6736:174.4567|Moon:17.3198:268.2418|Spica:31.3279:256.7596|Peacock:21.885:154.2012|Nunki:54.6244:139.8595
2037-02-18T16:05:29Z,1.35,103.82,6,Rigel:34.282:259.1623|Miaplacidus:18.7206:178.4513|Betelgeuse:44.8957:279.1241|Gienah:36.9584:113.5346|Avior:28.6693:184.7838|Dubhe:25.029:16.3406
2041-02-20T06:35:49Z,20.0,179.9,6,Capella:62.5684:15.9496|Mirfak:56.8947:339.1468|Acamar:25.6734:200.5677|Sirius:41.4235:136.953|Betelgeuse:66.9518:120.321|Venus:24.6174:269.2672
2042-04-19T12:19:19Z,-33.87,151.21,6,Spica:62.0969:40.5691|Alphard:44.5489:293.6324|Denebola:41.4608:352.2778|Shaula:26.5768:118.4981|Avior:44.7232:217.0595|Regulus:35.6147:321.5115
2015-06-11T07:38:33Z,1.35,103.82,6,Adhara:57.2051:201.2743|Mirfak:15.9869:322.1189|Betelgeuse:60.676:282.7857|Sun:46.7487:303.1533|Jupiter:62.8252:55.5524|Pollux:63.3379:357.5831
2020-12-14T13:31:42Z,43.77,11.25,6,Nunki:18.8366:192.9888|Saturn:25.5482:175.7197|Arcturus:17.5103:279.9212|Enif:48.1713:135.2995|Sabik:20.1762:221.1977|Dubhe:22.39:337.4054
2014-02-17T20:37:29Z,-33.87,151.21,6,Peacock:44.8262:138.7554|Saturn:66.7709:314.8704|Menkent:60.2751:254.5077|Sabik:69.9594:27.5403|Zubenelg.:61.0635:301.5865|Gacrux:43.7226:220.6469
2029-02-20T05:56:53Z,43.77,11.25,6,Schedar:22.4764:31.1024|Rasalhague:56.7833:156.0995|Kochab:57.1471:346.104|Denebola:21.915:269.1942|Enif:17.3764:92.7271|Spica:19.0601:231.7971
2009-03-07T12:04:24Z,0.0,0.0,6,Mars:65.6492:232.3963|Achernar:25.2499:158.3232|Menkar:30.6647:85.2018|Ankaa:43.9823:159.156|Kaus Aus.:16.1969:233.983|Peacock:24.9258:202.8248
2048-03-02T04:24:18Z,0.0,0.0,6,Regulus:15.6855:282.1863|Gacrux:25.0496:201.6052|Eltanin:27.2301:28.3695|Shaula:39.2276:141.1944|Vega:28.0098:44.7524|Sabik:55.0671:118.3559
2013-04-15T10:35:48Z,-33.87,151.21,6,Betelgeuse:16.0767:290.7928|Regulus:44.2049:357.7637|Avior:58.3401:207.15|Pollux:18.7263:325.5274|Procyon:36.3747:309.0221|Zubenelg.:26.1305:92.4473
2032-03-31T04:52:04Z,64.15,-21.95,6,Mirfak:24.3183:6.0102|Polaris:63.559:0.268|Dubhe:58.1562:299.9815|Denebola:24.7458:251.108|Eltanin:70.2656:116.0531|Altair:21.6516:115.8019
2010-11-15T17:34:51Z,64.15,-21.95,6,Dubhe:41.1738:331.3071|Alioth:43.6978:310.8774|Enif:31.881:144.8918|Arcturus:20.4356:271.8808|Hamal:18.7127:74.5071|Eltanin:71.0071:241.1667
2038-06-22T12:37:20Z,-55.9,-67.2,6,Canopus:54.2586:112.1689|Diphda:48.5338:328.1059|Peacock:45.5736:231.6416|Atria:38.3809:197.1134|Menkar:28.9016:15.0037|Miaplacidus:46.5611:151.17
2024-01-17T15:24:07Z,64.15,-21.95,6,Eltanin:58.7141:273.3773|Deneb:69.4202:211.3353|Capella:31.6372:48.1701|Kochab:56.9726:330.5747|Elnath:15.157:54.5957|Schedar:67.1952:87.9818
2011-03-06T04:03:03Z,1.35,103.82,6,Vega:31.8693:316.3217|Schedar:25.3196:24.1209|Kaus Aus.:29.723:228.4077|Mars:73.5278:130.2846|Peacock:29.4089:193.3574|Eltanin:19.869:325.4526
2031-08-07T22:37:23Z,20.0,179.9,6,Bellatrix:54.4956:252.1394|Denebola:30.666:84.7342|Mirfak:31.8895:317.1556|Dubhe:35.6506:27.0342|Alphard:50.9606:135.0127|Saturn:56.2543:279.2109
2005-12-09T04:10:13Z,43.77,11.25,6,Capella:40.4149:299.5233|Kochab:46.9002:22.2187|Saturn:60.0495:216.3779|Mirfak:26.3158:315.0487|Dubhe:70.1986:20.0927|Arcturus:33.0516:94.6675
2027-02-20T08:56:04Z,-33.87,151.21,6,Acamar:64.9963:246.4205|Avior:48.4255:143.9696|Hamal:19.4089:318.3791|Adhara:64.3519:87.2252|Alnair:16.284:224.0263|Alphard:23.9865:84.408
2012-01-16T00:05:29Z,35.0,-40.0,6,Kochab:21.3851:9.3605|Menkar:48.1962:229.3886|Jupiter:41.1383:252.037|Alpheratz:28.4931:287.2613|Regulus:18.1609:87.9756|Mirfak:66.5278:317.0674
2047-11-10T14:04:44Z,43.77,11.25,6,Sun:15.6878:225.9872|Kochab:52.6126:339.7682|Dubhe:31.0727:327.504|Alphecca:54.9718:253.261|Saturn:23.5442:180.3027|Nunki:19.0683:168.1766
2049-09-23T05:38:52Z,0.0,0.0,6,Capella:43.5359:353.1803|Mirfak:31.6465:334.1932|Moon:37.4173:75.9881|Avior:23.2272:159.9235|Regulus:23.9285:77.1584|Suhail:27.5791:141.1239
2039-01-10T22:04:39Z,1.35,103.82,6,Alphard:46.0672:255.7741|Arcturus:56.4919:56.3791|Antares:23.5875:119.8363|Gienah:70.8775:182.3696|Pollux:19.6962:299.2857|Procyon:20.1088:274.96
2001-03-21T07:13:17Z,20.0,179.9,6,Suhail:20.8665:157.1964|Sirius:52.8398:189.2158|Regulus:46.1164:93.4562|Rigel:50.2593:227.5217|Alphard:45.3261:126.5978|Mirfak:36.8826:318.0789
2017-09-28T21:34:26Z,43.77,11.25,6,Eltanin:42.0199:306.5513|Fomalhaut:16.6808:178.2255|Kochab:34.4793:343.2714|Deneb:67.1605:285.2823|Capella:26.0003:50.1134|Markab:61.3579:172.5225
2022-04-13T10:59:51Z,-33.87,151.21,6,Sirius:37.0294:274.1037|Gienah:61.3344:62.2381|Rigil Kent:42.3292:144.335|Alphard:61.0662:326.637|Regulus:43.9841:352.6491|Hadar:46.7114:144.6763
2017-02-16T14:20:46Z,64.15,-21.95,6,Polaris:64.4408:1.3672|Markab:40.9475:171.8317|Alioth:32.7721:338.2737|Hamal:37.2593:114.7757|Rasalhague:17.3318:262.9843|Mars:26.7153:142.3147
2002-04-03T09:21:26Z,-55.9,-67.2,6,Moon:57.637:6.4889|Kaus Aus.:67.1036:24.7495|Avior:29.9231:202.5544|Shaula:71.1854:356.8908|Gienah:19.6361:267.4649|Hadar:62.1191:238.3937
2009-04-06T04:50:25Z,43.77,11.25,6,Deneb:67.3146:74.8786|Altair:51.2681:148.469|Jupiter:18.4235:134.8937|Alkaid:42.3628:303.1256|Schedar:34.4079:41.8449|Dubhe:28.6031:330.0468
2049-06-30T16:00:36Z,1.35,103.82,6,Arcturus:39.2398:293.5585|Vega:49.578:19.9995|Alkaid:22.7327:324.0477|Spica:27.9015:256.3154|Nunki:55.502:144.5684|Menkent:29.6101:225.6052
2038-11-25T17:03:29Z,64.15,-21.95,6,Deneb:70.1106:154.5492|Alioth:42.9559:311.9511|Eltanin:70.2149:244.159|Capella:24.311:28.4906|Enif:32.4589:146.9552|Arcturus:19.4882:273.4949
2038-08-01T18:52:49Z,1.35,103.82,6,Schedar:28.5921:19.9856|Acamar:16.1515:132.711|Rasalhague:16.5709:282.682|Kaus Aus.:22.8958:231.4772|Altair:50.1245:282.4247|Achernar:20.4401:154.7488
2048-08-16T12:16:22Z,64.15,-21.95,6,Hamal:18.9834:285.3391|Capella:58.4032:258.2004|Alphecca:16.9592:63.7299|Denebola:29.5291:121.2019|Schedar:40.1778:320.2637|Polaris:64.3239:358.7891
2049-01-01T18:26:39Z,1.35,103.82,6,Denebola:33.6062:73.6879|Elnath:43.1422:309.4232|Capella:32.0608:326.6023|Jupiter:46.5021:302.7486|Betelgeuse:56.7054:281.4861|Dubhe:21.2208:20.987
2034-10-08T01:25:59Z,-33.87,151.21,6,Gacrux:66.5513:181.6218|Shaula:30.8662:116.4656|Atria:40.714:155.0461|Alphecca:16.2191:40.8015|Mars:52.9933:341.8746|Sabik:26.2726:91.92
2006-10-01T22:11:57Z,43.77,11.25,6,Markab:60.5769:196.7952|Polaris:44.2647:0.7035|Dubhe:15.7189:4.2749|Capella:33.0385:55.5726|Alpheratz:74.1975:155.4209|Enif:48.0343:224.8562
2037-12-16T02:44:46Z,35.0,-40.0,6,Dubhe:34.7895:34.8758|Adhara:23.5752:162.1403|Sirius:36.1964:161.6049|Rigel:46.3064:190.3293|Hamal:42.19:271.4905|Procyon:49.8646:131.4012
2036-09-12T14:14:34Z,35.0,-40.0,6,Mars:57.1005:163.0735|Pollux:48.0903:274.359|Denebola:66.7478:149.5569|Gienah:34.3748:158.391|Spica:32.49:136.9439|Jupiter:19.3784:284.6843
2038-11-14T12:33:08Z,-33.87,151.21,6,Markab:23.7345:310.1544|Alnilam:32.0082:67.0257|Aldebaran:28.8151:40.3985|Atria:17.0712:193.8762|Peacock:29.7932:219.2439|Achernar:66.1283:191.3392
2045-11-20T22:48:30Z,1.35,103.82,6,Acrux:18.5058:161.9234|Sirius:42.5262:245.579|Menkent:18.1662:129.4421|Suhail:44.3371:188.9798|Gienah:47.7618:118.7324|Denebola:56.2303:65.8159
2013-03-03T03:47:47Z,0.0,0.0,6,Antares:51.1716:135.2861|Rigil Kent:29.0927:178.8293|Nunki:21.4039:118.3931|Moon:69.7511:152.8282|Gienah:52.2812:240.3482|Arcturus:70.4978:348.7101
2031-02-01T23:55:06Z,43.77,11.25,6,Sirius:19.0961:221.0316|Eltanin:15.5868:30.9456|Betelgeuse:31.4778:247.8413|Denebola:47.7601:122.883|Capella:46.9876:295.7292|Regulus:56.7817:161.0062
2029-04-03T18:42:00Z,43.77,11.25,6,Alnilam:32.7585:229.4206|Alioth:45.4717:48.748|Mirfak:41.9999:304.3466|Rigel:23.9426:230.1523|Aldebaran:36.6483:257.2564|Elnath:53.3018:259.9236
2011-03-19T21:45:12Z,43.77,11.25,6,Eltanin:20.7442:37.2712|Mirfak:24.9434:316.2809|Alkaid:54.2817:62.303|Betelgeuse:22.5791:258.1699|Saturn:30.5962:131.4697|Bellatrix:16.4996:262.8879
2032-04-01T09:56:38Z,-55.9,-67.2,6,Gienah:15.7629:261.5282|Menkent:45.8337:269.8198|Spica:20.2297:279.8351|Rasalhague:21.2213:351.4477|Canopus:18.6695:182.4858|Shaula:70.4006:339.8764
2005-09-22T08:36:04Z,64.15,-21.95,6,Alpheratz:19.3741:297.2203|Hamal:26.8788:268.7847|Alioth:49.9919:60.26|Alnilam:22.254:206.3366|Pollux:53.498:168.0182|Capella:65.7895:235.4519
2008-01-31T09:41:18Z,64.15,-21.95,6,Vega:60.3904:136.3925|Enif:16.3871:101.2741|Rasalhague:37.8854:167.0325|Alpheratz:18.3775:60.5937|Alkaid:61.417:261.0331|Schedar:39.9928:39.8829
2004-08-02T03:18:22Z,20.0,179.9,6,Mars:57.9171:265.1651|Alphecca:41.0644:71.5112|Sun:44.7301:275.4367|Alphard:42.4034:236.648|Gienah:52.2806:174.6111|Suhail:15.0395:211.1742
2011-04-07T13:48:00Z,-55.9,-67.2,6,Canopus:29.0156:143.4611|Kaus Aus.:44.8699:272.8209|Acamar:43.3022:101.074|Fomalhaut:62.8487:17.8951|Atria:52.9773:216.1064|Sabik:19.948:271.2228
2014-03-26T03:07:50Z,0.0,0.0,6,Alkaid:36.8064:341.0884|Hadar:27.7636:190.5787|Sabik:58.7476:121.5263|Altair:22.2944:80.3681|Zubenelg.:72.269:204.4075|Gienah:41.176:246.2812
2023-04-19T20:57:02Z,64.15,-21.95,6,Mars:44.2124:227.7459|Procyon:28.3565:208.433|Polaris:64.0849:358.5483|Vega:17.8066:32.1695|Bellatrix:19.074:243.6122|Alkaid:52.3742:80.4444
2025-06-09T05:42:54Z,-33.87,151.21,6,Spica:25.421:86.6847|Adhara:64.1358:272.6207|Gacrux:47.456:140.0736|Rigel:32.7219:283.1658|Regulus:41.3022:23.2558|Pollux:25.8372:342.2749
2049-01-29T17:19:50Z,-55.9,-67.2,6,Mars:22.5808:47.4056|Canopus:24.9977:151.3373|Enif:23.89:4.8462|Antares:30.5213:266.8892|Acamar:35.9187:110.4407|Venus:28.8688:36.735
2047-12-18T01:18:00Z,0.0,0.0,6,Pollux:60.1747:19.7899|Acamar:21.7197:226.0843|Canopus:36.6401:187.398|Regulus:42.2321:74.0664|Menkar:30.0272:274.9411|Avior:28.3753:168.7893
2044-12-20T08:59:13Z,1.35,103.82,6,Diphda:43.3425:116.1905|Schedar:25.0271:24.1322|Fomalhaut:55.3136:153.7035|Sun:27.428:242.587|Deneb:43.2989:343.168|Nunki:39.6288:233.5795
2036-08-13T04:03:27Z,43.77,11.25,6,Enif:22.9187:261.7926|Dubhe:22.1674:22.4031|Moon:51.4243:190.0981|Alnilam:26.5943:120.766|Polaris:44.3423:0.2375|Venus:34.2756:94.1903
2026-04-13T23:12:18Z,64.15,-21.95,6,Denebola:39.8548:168.1974|Schedar:32.0234:345.8199|Vega:26.1778:54.0673|Arcturus:35.4649:123.477|Alioth:74.9098:111.5348|Elnath:27.1272:280.2123
2036-11-08T00:51:11Z,-55.9,-67.2,6,Nunki:33.1127:271.2347|Kaus Aus.:34.9931:258.7553|Atria:47.5503:211.356|Shaula:30.3088:247.4421|Ankaa:73.6285:38.3417|Enif:20.3559:331.6329
2011-04-04T14:43:10Z,35.0,-40.0,6,Enif:40.3399:251.4224|Betelgeuse:16.0318:92.1468|Jupiter:60.2424:176.4526|Mars:53.3601:199.1265|Kochab:20.8582:351.7478|Menkar:47.0144:128.4785
2037-12-25T10:24:03Z,-55.9,-67.2,6,Nunki:15.5222:114.106|Avior:60.1975:238.8275|Shaula:34.7588:106.5847|Regulus:17.6909:328.5749|Atria:57.3227:141.5731|Peacock:31.2411:147.7739
2050-12-02T11:39:21Z,64.15,-21.95,6,Pollux:17.8516:297.5509|Vega:49.2784:101.1319|Arcturus:44.2753:193.1322|Deneb:41.3595:68.8221|Schedar:33.6621:21.2937|Alioth:72.8295:254.7193
2020-04-29T16:17:37Z,1.35,103.82,6,Hadar:28.0572:177.1978|Sabik:36.2615:110.7318|Arcturus:70.6773:22.9511|Alkaid:42.1315:0.6934|Gacrux:29.617:191.2274|Acrux:23.8311:189.4002
2020-04-17T11:47:16Z,20.0,179.9,6,Regulus:41.0152:268.4806|Vega:22.5649:55.1915|Kochab:34.8447:6.5366|Dubhe:41.2663:337.9031|Denebola:65.2769:261.0739|Sabik:25.1241:119.3213
2021-11-08T21:24:58Z,0.0,0.0,6,Fomalhaut:52.1823:216.5513|Saturn:28.8093:247.9953|Aldebaran:28.8524:71.0179|Enif:45.8747:284.4083|Menkar:53.4578:82.9757|Alnair:33.0389:209.492
2042-08-27T19:40:13Z,-55.9,-67.2,6,Spica:45.4492:356.97|Adhara:18.9953:245.991|Shaula:46.2752:90.7787|Mars:42.3246:354.3252|Zubenelg.:47.6792:28.0985|Alnair:21.2814:144.9859
2005-02-22T10:20:05Z,-55.9,-67.2,6,Rasalhague:18.7666:24.3243|Fomalhaut:16.8042:118.3096|Avior:36.5417:215.0314|Menkent:62.6163:303.3947|Acrux:62.7879:232.6359|Alnair:36.3258:122.1119
2025-12-22T14:25:55Z,1.35,103.82,6,Jupiter:25.7834:66.3857|Pollux:22.5643:60.1259|Ankaa:30.6594:217.3841|Acamar:47.974:187.853|Fomalhaut:19.236:238.0152|Capella:39.0547:24.7896
2013-08-31T19:36:42Z,35.0,-40.0,6,Polaris:34.3317:0.1695|Menkent:15.5704:198.5924|Gienah:19.0417:230.7618|Kochab:50.4758:355.0104|Arcturus:66.062:233.6971|Venus:34.7889:227.9168
2036-01-30T09:28:07Z,0.0,0.0,6,Spica:20.1123:257.9055|Vega:50.4432:10.1582|Arcturus:31.0711:292.3334|Altair:61.7655:70.766|Deneb:32.8449:32.0415|Rigil Kent:17.8873:203.2436
2049-05-04T16:10:31Z,1.35,103.82,6,Arcturus:71.7382:15.4424|Acrux:23.2112:190.5537|Gienah:58.9339:230.7783|Eltanin:19.2402:34.8445|Rigil Kent:27.0014:173.865|Vega:16.1509:49.7493
2037-08-12T10:15:17Z,-55.9,-67.2,6,Diphda:43.0182:309.2891|Rigil Kent:27.0319:176.0406|Canopus:62.1888:103.9868|Miaplacidus:50.8602:146.9643|Acamar:74.1381:351.8419|Suhail:35.0554:117.7678
2037-06-29T14:24:22Z,1.35,103.82,6,Zubenelg.:67.2412:218.9853|Antares:60.5137:161.5815|Arcturus:60.9318:308.8759|Spica:51.9082:249.557|Nunki:37.3769:125.0742|Gacrux:19.2649:205.8205
2042-04-05T16:41:14Z,20.0,179.9,6,Vega:67.0289:31.719|Spica:21.0019:248.6114|Polaris:19.5179:0.315|Zubenelg.:35.8253:231.0014|Enif:29.391:89.5153|Antares:40.8572:199.4164
2035-11-28T09:21:53Z,43.77,11.25,6,Spica:32.7358:200.0058|Alphecca:68.878:139.3892|Sun:20.9387:154.8312|Denebola:44.3229:242.927|Zubenelg.:29.9113:175.1507|Regulus:25.2036:262.0596
2036-06-07T15:13:10Z,35.0,-40.0,6,Alnilam:53.8136:180.6489|Alpheratz:22.0874:291.1203|Aldebaran:67.0101:220.6498|Adhara:23.2189:160.8984|Mirfak:61.6673:312.1689|Regulus:24.9415:92.9
2048-10-06T02:22:41Z,1.35,103.82,6,Avior:24.9054:195.6836|Adhara:33.5727:233.2465|Sun:51.9303:100.4211|Venus:18.5648:109.2203|Dubhe:29.2076:6.395|Alnilam:19.7218:268.2693
2009-07-20T23:05:52Z,-33.87,151.21,6,Suhail:42.8219:120.5112|Alnilam:56.5507:13.9489|Sirius:61.8763:58.6385|Aldebaran:39.1073:350.8221|Miaplacidus:41.2053:156.0978|Betelgeuse:47.0823:18.2007
2007-04-04T13:09:01Z,43.77,11.25,6,Bellatrix:38.5446:124.5532|Polaris:44.4702:359.9756|Deneb:29.1246:306.3735|Diphda:22.4457:210.9677|Schedar:66.8046:314.3355|Alnilam:30.8057:127.2206
2000-09-13T14:05:58Z,1.35,103.82,6,Kaus Aus.:43.2648:217.0654|Shaula:33.4909:222.3393|Antares:25.2084:239.7862|Diphda:25.37:110.6676|Schedar:16.1866:30.4473|Eltanin:30.1303:333.0473
2029-09-10T23:09:11Z,-55.9,-67.2,6,Rigil Kent:64.0342:238.0729|Miaplacidus:40.3921:199.6529|Shaula:70.7266:344.2493|Peacock:69.8813:107.4024|Canopus:18.7127:183.6983|Rasalhague:21.3543:353.4156
2032-08-03T23:29:24Z,-55.9,-67.2,6,Acrux:63.8723:232.6459|Gacrux:63.0651:246.0063|Peacock:53.4119:120.6176|Achernar:26.1594:160.4625|Kaus Aus.:56.1347:66.789|Zubenelg.:48.6426:337.796
2022-04-06T15:23:45Z,43.77,11.25,6,Procyon:38.9598:127.8976|Bellatrix:52.3904:172.6691|Aldebaran:61.9925:196.0608|Kochab:30.1028:10.3289|Dubhe:37.8443:36.9835|Mirfak:71.5383:298.5248
2005-05-29T04:20:54Z,-33.87,151.21,6,Acrux:32.6611:147.7685|Rigil Kent:17.7391:152.8406|Avior:60.4092:156.9456|Menkar:23.8185:292.9967|Miaplacidus:49.2989:162.2359|Gienah:17.1539:99.9848
2022-07-06T05:22:11Z,35.0,-40.0,6,Markab:62.2995:129.7645|Mirfak:27.9599:46.679|Rasalhague:31.0367:263.5763|Nunki:17.7129:217.7385|Schedar:52.515:40.2923|Hamal:31.204:81.5754
2011-01-11T05:45:41Z,0.0,0.0,6,Alphard:34.7598:259.3792|Acrux:26.4026:185.0242|Gienah:68.4022:214.7498|Menkent:51.0015:160.6464|Denebola:65.9416:307.911|Suhail:21.4719:222.3202
2032-11-04T08:48:33Z,43.77,11.25,6,Regulus:46.089:234.0819|Spica:33.4061:163.272|Capella:20.1764:315.2101|Zubenelg.:21.7791:142.9531|Pollux:32.3354:279.2948|Polaris:43.322:359.4399
2044-12-19T06:40:00Z,64.15,-21.95,6,Polaris:63.9412:358.8223|Pollux:42.1703:245.1068|Denebola:39.5592:165.7682|Regulus:36.7005:197.0153|Vega:25.5471:52.611|Alkaid:63.6819:105.2911
2042-11-16T12:08:26Z,43.77,11.25,6,Sabik:29.8691:169.839|Sun:25.4462:198.0166|Denebola:23.3382:267.7103|Jupiter:24.9784:181.9355|Arcturus:51.8619:240.5624|Eltanin:74.3472:53.3319
2040-09-23T23:32:56Z,0.0,0.0,6,Alpheratz:60.1351:10.5035|Mirfak:21.5429:34.5548|Ankaa:46.8785:168.6688|Nunki:15.9066:242.6253|Enif:58.4076:289.4859|Acamar:30.5645:138.4775
2002-05-13T15:14:32Z,-55.9,-67.2,6,Ankaa:68.4075:298.0514|Miaplacidus:46.4131:151.0654|Diphda:48.6753:327.7916|Rigil Kent:26.887:183.9852|Alnair:52.4939:257.5053|Adhara:33.5336:93.3153
2009-04-02T13:40:14Z,0.0,0.0,6,Schedar:29.7082:343.9566|Achernar:32.0604:187.3767|Diphda:59.5054:232.6358|Markab:38.5227:289.6499|Enif:19.752:280.542|Mirfak:38.4465:12.4128
2013-09-06T17:11:28Z,35.0,-40.0,6,Saturn:41.6562:163.9542|Vega:31.2605:61.9744|Alioth:67.9799:344.6796|Zubenelg.:35.7842:157.2135|Venus:44.9653:181.5196|Antares:15.9166:139.9352
2021-07-16T08:44:30Z,-33.87,151.21,6,Rigil Kent:62.8478:176.2495|Gacrux:59.648:210.908|Atria:49.5098:161.131|Nunki:32.1888:101.9672|Shaula:51.967:108.7581|Hadar:63.1587:185.9052
2049-08-20T15:43:03Z,0.0,0.0,6,Gienah:63.0354:227.5586|Suhail:15.9274:224.1416|Eltanin:15.6787:35.6345|Antares:40.9069:126.2391|Shaula:24.1803:131.4335|Mars:29.3466:287.2253
2002-08-25T08:55:06Z,43.77,11.25,6,Mirfak:45.0827:302.5982|Denebola:32.3998:101.2785|Schedar:26.8803:324.0753|Alnilam:35.5405:223.9535|Elnath:56.9737:255.1061|Hamal:18.3183:285.3024
2031-05-23T04:49:34Z,0.0,0.0,6,Fomalhaut:47.7105:136.9468|Jupiter:39.4492:239.7485|Alpheratz:34.514:53.6152|Vega:40.5229:325.5445|Alnair:40.1719:162.562|Kaus Aus.:41.6147:220.975
2017-07-20T09:05:13Z,-55.9,-67.2,6,Menkar:22.2402:41.9589|Fomalhaut:59.0743:319.0204|Gacrux:23.1146:180.3478|Acrux:29.0997:179.7165|Avior:35.4154:146.8097|Atria:43.5755:206.6056
2026-05-01T19:46:27Z,43.77,11.25,6,Pollux:46.6165:266.0863|Procyon:30.0361:245.7872|Alphard:32.6278:210.2123|Eltanin:26.7472:43.0723|Gienah:26.6663:162.1792|Elnath:22.3192:288.9042
2027-06-14T16:39:51Z,0.0,0.0,6,Menkent:24.1776:130.7037|Sun:18.4123:294.6103|Gienah:54.2419:121.3464|Suhail:44.3099:195.6742|Alioth:25.0514:24.0605|Alkaid:22.3415:35.0988
2005-08-22T12:05:14Z,43.77,11.25,6,Alphecca:31.9048:82.1534|Alioth:67.3625:46.8987|Procyon:32.6046:242.3963|Eltanin:24.7946:41.3121|Jupiter:32.6668:140.639|Venus:39.8734:149.9998
2016-03-01T15:25:20Z,20.0,179.9,6,Vega:29.0404:55.9041|Eltanin:35.1995:40.3388|Polaris:19.3494:359.8562|Antares:31.5859:141.3061|Kochab:35.5437:3.877|Sabik:31.8132:124.4401
2034-03-21T05:45:52Z,0.0,0.0,6,Vega:49.0481:16.993|Alnair:15.3251:139.0909|Nunki:57.9677:146.4953|Deneb:29.5647:35.0525|Menkent:28.8393:227.1868|Alphecca:49.8524:313.9837
2028-12-24T02:52:17Z,43.77,11.25,6,Elnath:36.5023:276.6925|Dubhe:68.9911:25.4517|Alphecca:20.4541:72.2505|Aldebaran:19.8883:274.2055|Alnilam:18.2283:249.7788|Gienah:19.8886:142.5952
2010-12-25T02:58:35Z,0.0,0.0,6,Sirius:50.1107:243.3254|Acrux:17.3615:159.2013|Bellatrix:33.0389:277.5927|Avior:29.6645:187.2395|Saturn:32.1229:94.9847|Elnath:29.054:303.2218
2014-12-12T23:33:10Z,0.0,0.0,6,Canopus:34.3937:164.597|Procyon:49.5702:81.9926|Alpheratz:15.1524:300.3348|Menkar:60.6284:278.4784|Mirfak:36.1903:341.4378|Achernar:20.2619:206.4054
2015-03-03T01:02:20Z,-55.9,-67.2,6,Alphard:36.1079:42.0743|Rigel:36.745:321.7756|Ankaa:27.988:235.0696|Gacrux:48.8729:126.0103|Bellatrix:23.767:330.0279|Miaplacidus:71.0317:148.4536
2011-11-18T01:46:54Z,35.0,-40.0,6,Polaris:35.6825:359.98|Pollux:28.7101:74.347|Alpheratz:54.8287:272.2348|Menkar:59.0682:175.6448|Deneb:22.1748:310.7012|Hamal:74.7672:224.1897
2028-02-18T05:41:38Z,20.0,179.9,6,Markab:26.8634:277.5596|Alnilam:52.6582:120.8901|Alpheratz:43.451:291.8013|Bellatrix:59.0586:112.1727|Pollux:31.8524:68.8271|Acamar:29.3189:187.1834
2035-11-10T21:25:56Z,64.15,-21.95,6,Elnath:24.3882:74.2834|Eltanin:48.6889:291.7256|Enif:33.5317:207.3854|Hamal:40.7937:124.533|Capella:40.1912:65.3534|Menkar:17.7849:118.9811
2026-06-09T00:11:31Z,-55.9,-67.2,6,Spica:44.9007:11.9255|Gienah:51.2166:346.5882|Sabik:26.9778:77.9779|Rigil Kent:74.9737:120.8044|Antares:41.2494:76.2895|Zubenelg.:44.1564:42.0605
2050-05-11T03:14:20Z,20.0,179.9,6,Menkar:37.6371:259.6113|Regulus:36.5041:90.03|Pollux:70.5324:62.329|Procyon:67.0775:128.1972|Dubhe:27.4183:30.168|Jupiter:68.5845:83.1347
2023-10-30T21:50:19Z,20.0,179.9,6,Gienah:52.2687:183.3931|Kochab:32.4853:11.093|Menkent:28.5609:156.7164|Polaris:19.5085:359.5704|Mars:41.198:134.3766|Alphecca:46.1335:71.9515
2015-10-10T02:20:39Z,-33.87,151.21,6,Venus:24.2923:301.1022|Miaplacidus:39.628:204.2853|Rasalhague:17.1145:61.2745|Regulus:22.3529:302.977|Suhail:37.8092:238.102|Rigil Kent:61.1946:164.4385
2042-01-24T04:37:44Z,-33.87,151.21,6,Enif:42.9443:335.8246|Menkar:20.4543:69.778|Rigil Kent:15.3277:204.7296|Shaula:26.7046:241.5651|Alnair:74.4154:210.7694|Diphda:60.8876:63.2424
2011-12-31T05:49:59Z,35.0,-40.0,6,Dubhe:60.6536:18.669|Sirius:22.6937:227.6372|Polaris:34.8237:359.2004|Mirfak:22.8418:315.9233|Gienah:26.5876:139.7673|Alphard:46.0557:186.7875
2030-03-19T21:52:43Z,43.77,11.25,6,Arcturus:36.4259:98.3959|Pollux:54.2939:257.2471|Alphecca:27.0144:78.0046|Alkaid:55.6049:62.9205|Mirfak:24.0273:317.2118|Betelgeuse:21.148:259.6815
2040-02-03T12:12:25Z,43.77,11.25,6,Hamal:34.0662:88.6915|Kochab:37.8357:340.2814|Diphda:16.598:136.6027|Alpheratz:58.7278:105.745|Eltanin:51.0531:302.5753|Markab:57.353:144.3617
2010-02-08T14:35:34Z,64.15,-21.95,6,Polaris:64.4278:1.4437|Alpheratz:51.1289:141.3122|Capella:35.1055:55.5216|Alioth:33.5588:335.4771|Alkaid:30.2969:323.7572|Rasalhague:19.2251:258.9304
2040-05-10T09:22:49Z,1.35,103.82,6,Dubhe:17.8115:23.6406|Miaplacidus:16.8109:171.2382|Regulus:49.6427:73.3001|Saturn:16.8994:90.33|Venus:18.9451:285.8209|Betelgeuse:65.3441:284.9475
2045-11-11T11:07:20Z,0.0,0.0,6,Rasalhague:42.2836:72.9468|Spica:70.4975:233.7024|Zubenelg.:72.8809:161.7119|Antares:50.6332:134.7667|Gacrux:28.0208:197.4531|Nunki:20.7868:118.2207
2029-12-23T06:53:06Z,20.0,179.9,6,Schedar:53.1253:355.6839|Markab:62.2875:265.0465|Hamal:73.8735:74.0116|Saturn:59.4453:94.0409|Ankaa:27.3784:186.9547|Diphda:51.9734:186.196
2030-12-20T03:31:56Z,43.77,11.25,6,Schedar:15.3158:339.6973|Moon:16.8999:129.473|Kochab:47.2402:22.3363|Mirfak:25.9921:315.4496|Alkaid:53.1026:62.0414|Dubhe:70.5166:19.3126
2020-06-08T20:24:39Z,1.35,103.82,6,Peacock:31.9805:180.5451|Alpheratz:31.049:56.2633|Nunki:54.2483:217.7718|Mars:47.0458:102.0312|Shaula:34.0661:221.8765|Moon:64.0467:196.1866
2028-05-23T20:39:28Z,20.0,179.9,6,Moon:50.1981:76.6356|Enif:45.215:264.0157|Saturn:67.2108:109.7324|Sun:43.837:79.9567|Acamar:22.3801:153.1973|Rigel:18.1483:106.1692
2013-02-23T13:16:32Z,43.77,11.25,6,Jupiter:34.6736:93.3545|Elnath:27.7224:75.7693|Hamal:59.3973:122.2677|Capella:38.5913:59.3217|Deneb:52.5446:291.6454|Vega:29.0797:297.3879
2018-10-17T22:00:51Z,35.0,-40.0,6,Enif:63.4416:158.1855|Altair:58.8412:217.6136|Mirfak:23.2184:44.2688|Diphda:16.0081:126.2219|Eltanin:52.623:311.0768|Saturn:19.6596:221.2445
2008-03-17T06:32:47Z,-33.87,151.21,6,Mars:23.6132:29.8351|Achernar:54.3363:216.7755|Miaplacidus:37.1171:155.3821|Ankaa:44.5026:241.5751|Canopus:60.7714:139.6896|Alphard:15.275:90.3137
2009-01-30T20:28:11Z,20.0,179.9,6,Kochab:32.7538:349.3809|Alkaid:40.6873:318.627|Spica:26.9085:245.3714|Sabik:54.2578:179.0543|Kaus Aus.:32.6808:161.3431|Deneb:39.6657:47.0759
2019-05-14T13:39:31Z,-33.87,151.21,6,Nunki:41.5151:96.7626|Gienah:47.6581:281.2106|Atria:52.2176:165.949|Spica:56.859:306.7139|Arcturus:35.4007:343.7585|Denebola:21.7927:306.3254
2024-09-17T09:44:32Z,-33.87,151.21,6,Enif:36.5372:40.7655|Antares:49.5274:267.6557|Hadar:32.4404:215.3775|Peacock:65.6034:162.9336|Acrux:22.7768:207.8142|Fomalhaut:47.1489:98.5233
2015-04-08T21:46:34Z,1.35,103.82,6,Rigil Kent:18.08:202.0185|Deneb:31.9456:34.5467|Peacock:23.8644:157.5796|Shaula:51.393:184.6372|Vega:50.9582:14.9995|Alkaid:19.9832:322.9001
2016-05-27T12:53:23Z,20.0,179.9,6,Kaus Aus.:33.117:162.698|Arcturus:48.0416:276.6604|Menkent:18.2932:218.1644|Dubhe:16.3192:330.3945|Spica:25.5991:246.1393|Alkaid:39.7379:318.2084
2016-07-27T13:10:57Z,64.15,-21.95,6,Regulus:33.4749:142.9867|Jupiter:20.1404:124.3962|Pollux:53.6994:187.2572|Capella:60.7675:251.9769|Venus:40.4283:154.1107|Schedar:41.706:316.5546
2049-02-01T16:17:11Z,35.0,-40.0,6,Moon:28.2266:218.1307|Eltanin:40.2961:311.191|Mirfak:34.9222:49.2888|Schedar:58.291:35.868|Markab:68.4336:152.3272|Saturn:19.8686:223.1006
2006-08-14T15:47:58Z,-33.87,151.21,6,Nunki:32.3619:258.1005|Enif:40.1986:326.9767|Achernar:57.5758:146.2379|Moon:27.2595:43.3368|Peacock:52.2303:218.9655|Miaplacidus:16.3359:168.7186
2009-06-27T06:37:41Z,1.35,103.82,6,Dubhe:19.9974:21.7701|Venus:20.4532:285.976|Betelgeuse:59.6578:282.421|Sun:59.0539:316.9336|Sirius:65.0929:222.7431|Capella:33.6037:328.0336
2007-02-11T08:23:26Z,64.15,-21.95,6,Altair:23.5252:120.8151|Rasalhague:36.7444:156.7839|Denebola:22.7559:256.0064|Alpheratz:15.2892:53.616|Alkaid:64.9915:251.7384|Alioth:63.8954:276.0066
2012-06-23T02:57:51Z,20.0,179.9,6,Elnath:40.1967:291.0815|Alphard:60.6822:167.8142|Mars:47.9009:109.2513|Sirius:39.9412:225.2147|Pollux:70.4835:297.9237|Suhail:26.5038:179.1373
2044-04-09T05:10:38Z,64.15,-21.95,6,Deneb:53.9114:93.3061|Vega:60.456:136.5357|Schedar:40.1346:39.7036|Alioth:60.1292:282.2031|Alkaid:61.2555:260.8617|Mirfak:25.447:15.4136
2000-10-19T03:24:36Z,35.0,-40.0,6,Moon:33.9574:85.6099|Schedar:60.907:326.7477|Saturn:65.885:130.3873|Mirfak:72.735:26.9274|Jupiter:60.2054:109.7824|Pollux:25.3906:72.3895
2021-11-12T11:48:46Z,43.77,11.25,6,Spica:24.68:222.4315|Mars:28.2105:206.4064|Alkaid:66.7193:295.2188|Arcturus:57.018:229.8351|Dubhe:44.6834:320.0264|Antares:19.4236:172.9723
2021-08-03T01:31:04Z,20.0,179.9,6,Suhail:24.5168:193.737|Capella:24.5456:312.4982|Procyon:48.9181:254.2442|Dubhe:47.5634:8.2257|Arcturus:34.1042:80.0066|Alphard:58.7781:204.106
2022-01-05T05:03:40Z,-33.87,151.21,6,Antares:18.8622:250.2359|Alpheratz:20.6464:28.2311|Rigil Kent:19.7712:208.6908|Ankaa:61.4752:117.3169|Nunki:48.3497:267.2818|Enif:45.8337:352.079
2037-04-28T15:59:09Z,64.15,-21.95,6,Capella:71.6657:168.7976|Elnath:54.1739:168.9354|Rigel:17.6121:175.5607|Alnilam:24.2716:169.3321|Schedar:58.9549:286.8337|Eltanin:26.1896:349.9442
2019-02-08T19:07:37Z,0.0,0.0,6,Procyon:40.2248:83.2184|Capella:42.3577:13.1634|Hamal:49.9006:308.3406|Elnath:57.3741:27.3209|Rigel:74.3685:121.8955|Pollux:33.6636:55.6919
2017-12-23T13:50:15Z,-33.87,151.21,6,Alnilam:56.7124:347.5746|Menkar:32.8538:302.5065|Acamar:52.9079:246.2804|Betelgeuse:48.6784:356.9528|Achernar:40.39:220.7633|Aldebaran:35.4653:334.0502
2036-03-30T20:00:40Z,43.77,11.25,6,Polaris:43.7679:359.1833|Betelgeuse:32.7234:246.2123|Mars:28.3478:275.8609|Arcturus:24.3233:86.4676|Alkaid:45.0261:58.477|Mirfak:32.8299:310.0998
2050-05-30T20:54:16Z,43.77,11.25,6,Alphecca:65.9111:128.7684|Deneb:25.3191:50.3033|Eltanin:52.3916:57.8615|Arcturus:65.1342:177.4735|Spica:33.8362:193.4916|Vega:41.2943:71.6788
2022-07-02T15:57:41Z,1.35,103.82,6,Enif:27.391:79.4573|Antares:58.0747:208.2011|Arcturus:38.1948:293.4069|Alphecca:51.6684:313.9001|Altair:55.268:76.2051|Hadar:16.1975:204.0362
2016-02-17T03:14:56Z,1.35,103.82,6,Peacock:31.644:175.0954|Deneb:44.8827:11.2946|Sun:56.3994:114.6864|Kaus Aus.:48.3653:208.7742|Fomalhaut:36.7093:129.2501|Mars:20.0585:251.2737
2047-02-23T15:42:41Z,64.15,-21.95,6,Alkaid:24.32:345.6418|Altair:17.1972:254.7223|Deneb:54.1432:266.2355|Venus:27.4692:181.5759|Jupiter:31.6901:167.6146|Markab:39.3285:205.7448
2019-07-28T19:48:30Z,0.0,0.0,6,Arcturus:55.6031:305.3668|Vega:39.027:36.225|Saturn:41.8878:120.5124|Hadar:24.7061:196.7134|Rigil Kent:26.5631:192.2982|Antares:63.1984:171.3554
2010-12-15T21:22:30Z,20.0,179.9,6,Rasalhague:52.0045:95.1767|Gienah:35.0344:229.5926|Saturn:52.3159:233.5799|Spica:51.1435:218.5763|Kochab:35.8792:359.2249|Venus:57.356:192.5695
2043-06-13T16:39:03Z,64.15,-21.95,6,Venus:30.0286:255.4635|Alnilam:16.8127:227.7141|Schedar:39.5768:321.5293|Sun:38.6252:240.5673|Deneb:19.5852:359.2294|Mars:24.6321:264.2241
2006-07-24T14:26:01Z,-55.9,-67.2,6,Betelgeuse:26.6523:357.1151|Alnilam:34.9723:351.026|Diphda:20.0749:267.3966|Gacrux:41.4364:134.0303|Sirius:50.1052:14.8396|Aldebaran:15.1529:337.7542
2033-07-26T13:07:27Z,-55.9,-67.2,6,Fomalhaut:24.376:252.9488|Miaplacidus:59.4886:142.3771|Adhara:55.3787:51.9535|Avior:62.9406:119.4187|Alphard:19.4779:76.5433|Diphda:29.7637:282.5035
2011-11-16T16:18:55Z,35.0,-40.0,6,Schedar:18.8634:33.0848|Eltanin:72.2602:18.8425|Alphecca:65.9992:256.9848|Kochab:46.8604:345.8969|Venus:31.1125:183.737|Alioth:41.159:316.923
2016-07-11T04:07:24Z,-33.87,151.21,6,Spica:31.916:81.8742|Pollux:23.427:335.0563|Alnilam:26.5991:287.9403|Atria:24.7526:158.3001|Betelgeuse:24.6649:298.6247|Regulus:43.3135:13.1567
2020-05-01T03:59:07Z,64.15,-21.95,6,Denebola:17.4051:267.314|Rasalhague:38.1886:171.7956|Alioth:58.5907:285.1889|Dubhe:51.9885:309.5522|Enif:18.0714:104.8336|Polaris:63.6044:0.8114
2021-11-29T00:59:45Z,1.35,103.82,6,Antares:25.2356:120.2746|Gienah:70.8096:187.7594|Hadar:25.3453:166.9641|Rigil Kent:22.6577:163.1644|Sun:28.7068:115.5|Alphecca:38.3172:56.4218
2040-11-16T22:17:25Z,43.77,11.25,6,Pollux:29.453:78.2398|Elnath:54.7727:101.8877|Rigel:28.2457:137.5307|Dubhe:24.4462:25.617|Aldebaran:54.299:130.9633|Hamal:68.3275:205.0347
2025-01-24T06:19:04Z,20.0,179.9,6,Polaris:20.6194:0.0886|Mirfak:58.304:16.0365|Elnath:49.6743:68.9537|Bellatrix:46.0157:101.9487|Alnilam:40.3128:109.7378|Venus:38.3748:249.2289
2026-05-25T21:46:09Z,20.0,179.9,6,Schedar:50.5886:343.2723|Deneb:21.4382:312.1215|Diphda:47.9444:207.1047|Menkar:67.8119:133.3441|Sun:59.3112:82.1549|Fomalhaut:24.118:222.546
2020-10-31T04:57:56Z,-33.87,151.21,6,Enif:17.7181:64.3171|Arcturus:17.8337:309.0095|Nunki:72.3305:69.4646|Gienah:16.6657:259.6125|Jupiter:63.5612:70.9964|Vega:16.212:11.1239
2037-06-02T09:01:23Z,20.0,179.9,6,Vega:25.2662:55.5357|Saturn:35.8005:273.034|Polaris:19.4606:359.7432|Eltanin:32.254:40.9816|Rasalhague:34.3135:88.2091|Antares:28.4931:137.5641
2031-02-22T00:49:42Z,35.0,-40.0,6,Rigel:29.3578:233.6327|Elnath:53.9338:271.8429|Polaris:35.1484:359.2852|Adhara:23.4653:198.2698|Alkaid:29.9289:48.5131|Alnilam:38.1767:234.3569
2044-02-04T14:34:44Z,1.35,103.82,6,Elnath:59.3379:334.217|Hamal:23.8055:295.3758|Suhail:32.2884:146.208|Pollux:57.2082:34.0928|Mirfak:28.1606:328.9553|Rigel:69.9141:241.4727
2008-07-14T03:25:10Z,64.15,-21.95,6,Enif:35.6736:174.6085|Eltanin:60.3954:270.0072|Capella:30.4684:45.5674|Alphecca:24.7177:280.5937|Hamal:29.6261:96.9812|Alkaid:34.2597:314.1958
2019-08-16T09:48:10Z,43.77,11.25,6,Pollux:73.4471:199.4718|Denebola:35.2201:104.6439|Mars:50.5987:132.6951|Regulus:49.207:132.3738|Capella:59.6449:289.6247|Polaris:43.8964:359.1014
2021-09-04T00:12:13Z,-33.87,151.21,6,Atria:23.2391:159.3914|Sun:42.364:35.3371|Rigel:30.4001:281.259|Sirius:53.4257:288.807|Miaplacidus:54.0659:179.5681|Adhara:61.7624:270.9071
2044-07-27T09:32:10Z,1.35,103.82,6,Zubenelg.:54.9033:121.311|Gienah:69.2849:202.1313|Sun:23.8241:290.2306|Rasalhague:18.1643:77.2513|Sabik:22.9513:107.7791|Moon:59.6513:282.0032
2038-04-28T00:23:00Z,1.35,103.82,6,Sabik:21.2011:252.5|Sun:19.8885:75.4665|Peacock:30.1426:191.6492|Markab:64.9581:54.7324|Ankaa:32.7382:144.3309|Alnair:41.4864:173.6078
2001-02-14T19:07:39Z,1.35,103.82,6,Procyon:29.2432:275.2279|Pollux:27.5349:301.1783|Suhail:33.453:212.8709|Alphard:54.9674:252.7747|Gienah:69.3819:156.7877|Arcturus:48.459:62.0426
2019-06-26T04:56:27Z,1.35,103.82,6,Procyon:66.6208:80.0489|Canopus:35.8312:176.9219|Capella:44.0215:347.9857|Suhail:29.6424:143.6916|Adhara:57.243:158.8907|Mirfak:30.4717:330.9503
2035-12-02T08:44:14Z,0.0,0.0,6,Alphard:29.8549:259.8222|Alioth:33.8386:354.456|Sun:39.8929:119.1434|Gacrux:31.6376:188.7025|Zubenelg.:63.6172:128.8495|Shaula:22.0489:130.6293
2016-05-19T06:21:27Z,35.0,-40.0,6,Dubhe:15.8663:336.6454|Alphecca:39.4835:277.6369|Enif:50.5053:121.1939|Kochab:38.9223:340.6629|Alpheratz:31.9417:74.6468|Saturn:22.7972:220.3243
2015-06-30T19:58:08Z,20.0,179.9,6,Menkar:72.4321:153.4546|Pollux:18.9681:66.2376|Mars:37.7061:74.4434|Mirfak:58.259:16.4297|Fomalhaut:18.6151:227.4555|Rigel:40.934:121.0817
2006-04-11T17:22:58Z,0.0,0.0,6,Rigel:66.7614:248.8211|Bellatrix:69.8478:288.7447|Elnath:56.1741:329.3529|Pollux:58.1105:27.2436|Mars:62.349:336.0639|Miaplacidus:15.877:167.259
2019-10-10T02:22:02Z,0.0,0.0,6,Fomalhaut:17.9759:238.8028|Bellatrix:61.6991:76.472|Alpheratz:32.8684:305.5094|Canopus:26.68:152.9093|Achernar:28.2442:197.5414|Betelgeuse:54.1819:77.2684
2022-08-08T07:07:28Z,35.0,-40.0,6,Betelgeuse:24.3:98.2423|Kochab:19.8154:354.5421|Enif:32.3461:258.8694|Bellatrix:29.7229:104.1091|Polaris:35.602:0.29|Elnath:40.7551:80.2929
2040-11-19T10:02:41Z,-33.87,151.21,6,Peacock:47.3675:220.9283|Enif:35.2611:317.0813|Menkar:32.8443:57.3498|Kaus Aus.:22.5603:242.7881|Canopus:23.3908:138.9128|Acamar:54.6493:113.3184
2024-12-14T20:35:52Z,0.0,0.0,6,Hamal:66.4035:358.118|Jupiter:44.2776:58.4815|Acamar:48.3715:166.3576|Aldebaran:50.5126:63.3714|Schedar:30.5021:345.8862|Moon:40.6577:51.9615
2033-09-13T18:22:26Z,35.0,-40.0,6,Sun:28.9293:252.3675|Sabik:32.0683:146.0978|Arcturus:69.569:222.2319|Denebola:39.9496:258.9964|Rasalhague:50.8816:116.1558|Altair:21.9289:94.4064
2017-07-24T13:39:59Z,64.15,-21.95,6,Eltanin:29.0332:24.9056|Regulus:34.481:147.6363|Capella:59.062:256.4714|Schedar:40.5179:319.0747|Dubhe:71.6355:79.0716|Hamal:19.5855:283.7664
2001-03-04T12:35:51Z,64.15,-21.95,6,Mirfak:46.7525:68.5958|Polaris:64.4069:1.5701|Altair:30.3626:216.93|Enif:35.6765:184.0026|Alphecca:21.4694:287.2118|Capella:32.9963:51.1776
2044-01-17T09:00:06Z,-33.87,151.21,6,Ankaa:61.0224:243.0182|Alnair:36.9499:233.6433|Atria:15.4167:190.8752|Peacock:24.9697:217.2041|Suhail:19.5597:130.0249|Sirius:34.6892:87.6077
2008-07-16T01:49:12Z,35.0,-40.0,6,Kaus Aus.:20.4356:184.7386|Enif:42.3379:110.709|Moon:25.5556:192.8633|Deneb:65.8253:55.9882|Rasalhague:62.4038:219.934|Eltanin:71.27:335.4635
2039-04-28T00:17:20Z,0.0,0.0,6,Spica:68.5147:237.4499|Menkent:52.7079:190.5238|Shaula:35.0674:137.515|Saturn:44.2257:276.9258|Zubenelg.:73.512:169.4813|Hadar:29.0844:184.7742
2045-07-22T03:11:41Z,20.0,179.9,6,Gienah:48.9054:155.8017|Spica:44.2567:130.414|Zubenelg.:24.7479:119.6898|Alkaid:47.3187:37.6604|Sun:46.7762:278.5844|Kochab:28.6298:14.8499
2030-01-24T05:12:20Z,35.0,-40.0,6,Polaris:34.7584:359.3216|Alphecca:28.6365:76.0728|Spica:30.1579:133.1532|Kochab:41.3563:18.7021|Eltanin:17.1004:38.3778|Betelgeuse:18.5933:266.0165
2003-02-11T06:15:43Z,-55.9,-67.2,6,Gienah:49.7007:24.5363|Adhara:38.6296:274.2518|Mars:19.8986:100.9726|Sirius:27.0004:280.1712|Acamar:17.6039:222.1274|Canopus:49.9809:243.4173
2026-12-25T21:04:58Z,-55.9,-67.2,6,Avior:29.309:159.2298|Sun:30.8674:273.3506|Gacrux:24.9057:194.4479|Shaula:35.4946:254.403|Nunki:38.5969:279.7335|Peacock:69.964:252.6192
2048-09-21T11:55:12Z,0.0,0.0,6,Venus:59.9566:113.1738|Alphecca:31.418:58.406|Suhail:32.3182:215.2673|Arcturus:51.1012:58.8901|Regulus:60.6548:294.5019|Alphard:51.7729:255.5677
2001-02-07T22:51:52Z,43.77,11.25,6,Arcturus:19.0851:81.382|Schedar:21.407:329.9302|Alphard:36.8498:168.1393|Rigel:18.9372:237.4799|Capella:52.986:292.5878|Pollux:69.687:224.4606
2021-03-13T12:15:22Z,64.15,-21.95,6,Capella:34.2297:53.7121|Vega:49.8567:257.3924|Venus:19.2336:160.9056|Polaris:64.3527:1.4067|Rasalhague:20.2505:256.6668|Elnath:17.9778:60.9635
2009-08-16T02:12:19Z,-55.9,-67.2,6,Rigil Kent:54.5679:232.2706|Jupiter:41.7092:46.4846|Diphda:20.0383:92.6238|Enif:17.8128:37.1186|Fomalhaut:44.0099:78.2834|Menkent:35.4643:255.6371
2013-03-13T00:28:58Z,1.35,103.82,6,Saturn:26.5643:255.0922|Atria:16.8371:190.5509|Alphecca:37.4231:303.179|Eltanin:38.7481:349.934|Zubenelg.:29.2553:250.6648|Antares:46.7811:227.4747
2004-04-09T23:00:28Z,0.0,0.0,6,Avior:15.5965:206.5164|Gacrux:32.7618:177.2786|Denebola:74.1689:337.0403|Regulus:56.5443:292.0546|Alkaid:36.8009:18.7955|Dubhe:26.8313:350.7505
2017-01-09T03:55:00Z,1.35,103.82,6,Alphecca:45.9191:308.3736|Atria:18.4369:186.9934|Antares:53.9058:217.9072|Menkent:23.1874:228.9605|Sun:60.0015:142.4504|Zubenelg.:39.0398:247.8867
2040-02-03T17:12:18Z,20.0,179.9,6,Dubhe:38.1541:334.6526|Polaris:19.4646:359.7847|Alkaid:60.6961:354.3806|Vega:29.1846:55.8882|Regulus:33.0671:271.263|Eltanin:35.3506:40.3025
2048-10-08T08:25:25Z,35.0,-40.0,6,Jupiter:73.3978:226.8347|Aldebaran:54.3222:247.8441|Mirfak:49.7603:308.3794|Adhara:25.953:178.8914|Alphard:33.0224:132.8167|Elnath:70.5874:256.9172
2005-03-22T18:19:48Z,-55.9,-67.2,6,Gacrux:24.2158:168.13|Peacock:47.4981:233.4655|Miaplacidus:45.2123:152.5336|Venus:31.0321:327.4697|Avior:42.5534:136.9669|Fomalhaut:49.632:292.1664
2013-05-08T10:16:29Z,-55.9,-67.2,6,Enif:23.2938:13.8326|Sabik:32.0051:290.6418|Acamar:31.6648:116.3078|Antares:35.0991:273.8194|Canopus:22.8607:156.5348|Acrux:36.0561:206.6663
2010-08-20T20:11:31Z,43.77,11.25,6,Schedar:36.6956:43.2946|Altair:52.8685:155.5483|Alphecca:46.9327:263.4407|Alioth:35.1657:316.7091|Moon:23.1167:176.6468|Alpheratz:27.1718:74.5438
2034-11-22T11:40:28Z,1.35,103.82,6,Altair:47.1743:281.7661|Fomalhaut:58.9235:172.529|Diphda:54.0838:123.6237|Moon:58.2731:86.2827|Deneb:38.731:333.4177|Markab:74.6979:23.0542
2030-03-28T00:52:12Z,0.0,0.0,6,Dubhe:23.7603:343.9428|Alphard:33.28:259.4604|Sabik:29.2505:108.1385|Gacrux:32.122:186.5629|Denebola:64.8144:305.7575|Rasalhague:23.8371:76.272
2013-09-03T14:01:06Z,64.15,-21.95,6,Elnath:25.7849:282.8712|Moon:31.0963:216.7262|Jupiter:30.7796:258.0983|Arcturus:36.6271:126.767|Mars:37.0777:235.4809|Kochab:70.0397:38.8679
2045-08-11T18:04:42Z,0.0,0.0,6,Antares:59.1851:150.6911|Alioth:26.4384:337.334|Kochab:15.8193:357.3929|Nunki:32.8833:121.7645|Sabik:59.4742:122.3683|Alphecca:63.3357:4.7422
2025-08-24T00:51:01Z,-33.87,151.21,6,Denebola:27.8663:46.021|Spica:26.8638:85.6654|Hadar:36.2785:143.8654|Sirius:54.3109:289.8515|Mars:32.0703:71.1758|Rigil Kent:32.0505:145.275
2034-06-02T23:56:22Z,0.0,0.0,6,Alphecca:58.9789:330.3367|Rigil Kent:24.8153:195.5537|Arcturus:49.637:300.1901|Nunki:48.2306:131.5985|Zubenelg.:58.4899:237.7755|Kaus Aus.:47.8947:147.3294
2027-06-04T20:15:59Z,0.0,0.0,6,Rigil Kent:26.4749:167.5902|Alphard:34.7189:259.2971|Alphecca:45.6139:50.1617|Jupiter:35.0756:288.9509|Regulus:44.1938:286.6175|Antares:34.4991:122.7712
2027-10-15T22:53:01Z,1.35,103.82,6,Mirfak:20.0137:323.7489|Rigel:56.376:253.0183|Alnilam:62.9742:264.7427|Gienah:15.7532:108.817|Aldebaran:46.0188:292.7225|Dubhe:17.0532:24.0614
2004-08-30T17:09:32Z,64.15,-21.95,6,Deneb:37.5147:61.9299|Vega:45.1923:92.2399|Arcturus:45.0084:180.929|Denebola:34.1674:225.2006|Eltanin:59.5166:88.1943|Alkaid:74.5767:199.2678
2048-11-19T05:11:50Z,64.15,-21.95,6,Schedar:44.0328:312.3915|Moon:22.6178:264.7944|Eltanin:27.3301:17.5543|Alnilam:20.9883:212.6311|Mirfak:54.7977:277.0948|Bellatrix:27.6257:217.6175
2034-08-22T19:10:32Z,35.0,-40.0,6,Alkaid:73.4889:332.482|Moon:30.8945:147.5489|Denebola:47.7674:251.3221|Eltanin:50.6094:49.2606|Antares:22.6219:151.8809|Rasalhague:43.3613:107.2539
2023-10-31T06:15:41Z,35.0,-40.0,6,Schedar:32.4156:319.7841|Menkar:36.5515:245.9079|Pollux:68.844:102.8875|Dubhe:38.1716:35.3378|Regulus:31.9015:98.0782|Procyon:53.9492:140.8215
2022-10-10T10:51:45Z,-55.9,-67.2,6,Adhara:62.19:341.2264|Gienah:26.0133:83.192|Menkent:25.8204:117.6083|Betelgeuse:23.2208:332.1394|Peacock:22.9904:187.1859|Hadar:43.5441:137.5254
2033-11-20T18:52:08Z,0.0,0.0,6,Enif:70.6151:301.6693|Peacock:26.4045:201.1961|Ankaa:42.7122:155.9037|Nunki:27.6875:240.0346|Markab:74.2292:12.4394|Vega:20.2547:311.9314
2027-07-09T16:04:07Z,-33.87,151.21,6,Alpheratz:15.0079:37.9031|Diphda:41.3958:84.2602|Ankaa:52.3192:116.9489|Shaula:45.1635:249.1534|Enif:45.6568:9.5735|Achernar:41.1469:139.1334
2050-06-12T04:35:20Z,64.15,-21.95,6,Dubhe:38.9916:337.1998|Schedar:59.3697:73.6655|Hamal:23.392:83.6004|Capella:26.3122:34.804|Deneb:71.226:172.9869|Alphecca:30.9219:267.6291
2043-04-18T13:52:57Z,20.0,179.9,6,Antares:41.7161:163.9828|Gienah:27.9258:235.8888|Alkaid:53.5927:329.4984|Arcturus:70.8477:270.3236|Sabik:47.4123:145.4438|Polaris:19.4373:0.0165
2023-06-22T18:36:43Z,-33.87,151.21,6,Atria:31.9706:204.8909|Saturn:66.4426:356.1327|Ankaa:68.1625:119.9266|Peacock:57.4648:215.0549|Markab:40.5319:6.8675|Altair:30.8318:308.1939
2046-09-01T02:54:36Z,1.35,103.82,6,Elnath:38.6958:306.5452|Denebola:38.9906:72.5992|Spica:15.3928:102.2174|Aldebaran:30.7147:288.5669|Moon:53.4199:86.287|Miaplacidus:18.3953:176.2196
2010-12-26T03:08:28Z,1.35,103.82,6,Shaula:48.0255:158.2172|Rasalhague:68.5958:57.6187|Nunki:43.6913:129.4251|Vega:41.4318:35.4026|Rigil Kent:24.7757:193.2749|Alioth:21.4678:331.7277
2017-01-28T07:56:57Z,-55.9,-67.2,6,Antares:33.9666:87.9058|Spica:42.2521:29.3489|Jupiter:38.7165:28.4098|Gienah:51.593:6.6968|Sirius:20.3102:269.925|Alnair:15.3378:160.8954
2007-02-11T03:04:35Z,35.0,-40.0,6,Bellatrix:23.5917:260.8923|Capella:38.9805:304.2783|Alphecca:17.3677:69.1807|Saturn:70.4055:187.2749|Aldebaran:19.1597:277.1407|Elnath:35.1427:282.8325
2006-04-12T06:44:52Z,20.0,179.9,6,Betelgeuse:56.0315:252.8636|Procyon:73.898:204.1524|Aldebaran:40.3251:275.0503|Kochab:16.1916:16.2211|Bellatrix:48.7964:256.2989|Suhail:24.9391:167.5638
2044-04-16T10:13:26Z,64.15,-21.95,6,Altair:28.5657:224.2778|Schedar:71.908:98.0226|Capella:35.2948:55.8307|Alkaid:29.9577:324.1905|Polaris:64.2699:1.2555|Dubhe:35.887:354.1275
2030-04-21T21:24:34Z,43.77,11.25,6,Kochab:54.7472:17.9552|Procyon:19.9469:257.5479|Alphecca:45.2983:94.9416|Dubhe:69.8429:337.6521|Polaris:43.3404:359.4021|Spica:32.1669:157.4657
2012-03-13T11:49:23Z,64.15,-21.95,6,Capella:32.1158:49.255|Eltanin:58.1336:274.516|Schedar:67.7834:89.3838|Rasalhague:22.8644:250.7591|Deneb:69.0575:213.8551|Jupiter:20.8519:101.6994
2012-07-19T22:26:57Z,-33.87,151.21,6,Hamal:24.0834:325.7412|Sun:15.3227:51.3934|Suhail:35.3939:122.6731|Menkar:47.4197:329.197|Procyon:29.531:59.6373|Diphda:38.647:273.5772
2030-02-04T04:23:11Z,20.0,179.9,6,Menkar:60.253:118.6581|Capella:35.1524:47.1262|Ankaa:26.6788:190.8756|Saturn:64.404:96.5415|Acamar:25.5362:159.2244|Markab:57.7844:267.2157
2014-12-28T13:03:59Z,64.15,-21.95,6,Enif:23.5898:117.9706|Deneb:61.229:111.6923|Alkaid:53.772:277.0079|Polaris:63.6973:1.121|Arcturus:31.3064:247.8688|Alpheratz:25.4618:75.1944
2030-10-13T15:27:37Z,-33.87,151.21,6,Moon:36.9978:356.1503|Suhail:21.3314:128.9615|Alnair:35.0516:233.0045|Bellatrix:37.0643:47.5769|Miaplacidus:30.5359:156.4487|Betelgeuse:31.4517:53.6554
2030-04-25T22:59:44Z,1.35,103.82,6,Fomalhaut:39.3869:130.983|Sabik:42.6307:246.9847|Moon:67.8724:122.8832|Jupiter:18.669:250.6589|Antares:30.2364:237.975|Rasalhague:50.0951:288.0777
2041-06-24T07:53:13Z,64.15,-21.95,6,Sun:23.4033:84.3188|Venus:34.2815:133.2579|Moon:36.238:140.1408|Alpheratz:54.9157:189.9881|Eltanin:41.1439:305.4251|Dubhe:36.8205:13.25
2027-07-20T17:02:11Z,64.15,-21.95,6,Eltanin:41.9804:56.1535|Venus:33.5841:251.0218|Procyon:18.6312:241.4168|Alkaid:66.0114:111.6683|Vega:27.4629:56.8194|Elnath:25.6098:283.2541
2017-04-15T23:55:32Z,43.77,11.25,6,Polaris:43.1134:359.8657|Jupiter:38.313:203.0622|Arcturus:65.3209:180.7822|Denebola:47.0135:238.6608|Vega:42.2214:72.3983|Dubhe:56.83:319.6508
2049-02-04T00:56:07Z,0.0,0.0,6,Procyon:56.4749:279.2473|Rigel:20.3565:261.3009|Alioth:23.3197:25.9138|Elnath:20.6568:300.8163|Adhara:39.3482:231.1091|Sirius:40.9254:247.5215
2024-09-17T10:53:37Z,20.0,179.9,6,Vega:34.917:304.0093|Hamal:41.8639:75.79|Enif:73.3337:235.1058|Fomalhaut:40.3128:174.7608|Mirfak:27.0726:43.2162|Diphda:41.4178:139.1166
2024-09-23T19:39:20Z,35.0,-40.0,6,Kochab:47.3164:346.454|Shaula:17.6723:175.1113|Eltanin:71.6128:22.7982|Vega:72.4592:71.1311|Schedar:17.875:32.2285|Zubenelg.:29.0597:218.9765
2043-01-10T13:42:32Z,20.0,179.9,6,Polaris:20.0806:359.4086|Mirfak:19.199:317.448|Sirius:40.4974:224.3751|Spica:17.5723:109.6092|Denebola:49.2852:91.0974|Rigel:27.834:248.723
2009-12-09T14:55:22Z,-55.9,-67.2,6,Gienah:35.8969:293.7899|Ankaa:16.3455:144.7568|Gacrux:64.465:247.3511|Venus:54.23:20.9431|Menkent:64.9475:311.238|Rasalhague:17.454:29.452
2020-10-19T18:00:17Z,-33.87,151.21,6,Canopus:70.6588:168.6788|Acamar:53.7812:246.436|Rigel:62.3575:335.8363|Gacrux:23.8963:144.1146|Suhail:52.4235:119.1717|Hadar:15.7784:154.0655
2050-11-19T10:30:24Z,35.0,-40.0,6,Alioth:65.9836:25.0657|Pollux:39.7737:279.222|Alphard:35.7741:222.5357|Denebola:69.2319:175.4434|Kochab:45.0292:16.4552|Spica:37.5724:147.5378
2023-10-14T05:52:32Z,20.0,179.9,6,Alkaid:19.2057:316.5704|Fomalhaut:18.0712:132.0611|Nunki:43.3196:187.869|Rasalhague:63.4824:257.7763|Arcturus:18.7144:284.101|Schedar:22.0986:35.7238
2018-03-01T10:28:46Z,64.15,-21.95,6,Enif:31.3613:142.5199|Hamal:17.8484:72.6663|Deneb:69.1659:146.8072|Alkaid:43.9942:294.9148|Alphecca:36.5292:255.6067|Altair:34.7097:175.8064
2049-02-26T10:01:59Z,35.0,-40.0,6,Nunki:26.5958:162.5473|Moon:31.4188:185.7368|Deneb:55.5858:58.8424|Sabik:38.5236:190.9437|Alioth:37.4287:317.2118|Arcturus:40.9633:265.2042
2025-12-01T02:28:33Z,20.0,179.9,6,Mars:38.0497:214.1542|Sun:32.8952:225.0465|Alphecca:40.939:288.4006|Alkaid:21.3666:316.2517|Polaris:19.6909:0.5771|Vega:70.0219:341.9721
2041-11-05T10:47:44Z,1.35,103.82,6,Schedar:17.1072:29.7529|Rasalhague:42.5244:285.8381|Eltanin:29.0359:331.8995|Diphda:27.3695:110.839|Nunki:52.4855:220.7965|Shaula:32.1748:223.2636
2048-11-11T05:07:49Z,64.15,-21.95,6,Dubhe:63.2255:67.4881|Alnilam:22.8043:203.2504|Procyon:30.5526:169.0577|Jupiter:47.4808:201.9302|Aldebaran:36.4243:224.8795|Eltanin:26.3601:11.4474
2048-11-05T12:01:51Z,20.0,179.9,6,Mirfak:59.5643:7.8985|Alpheratz:50.0434:292.218|Menkar:74.2742:178.2853|Rigel:46.6706:127.2747|Capella:51.705:39.1817|Elnath:55.6908:68.185
2016-05-11T21:50:18Z,43.77,11.25,6,Deneb:22.9677:48.4143|Sabik:15.6162:131.1374|Dubhe:59.3788:320.7644|Alphecca:63.5954:122.1471|Rasalhague:33.6856:106.076|Jupiter:37.6117:240.0046
2004-06-10T13:16:28Z,35.0,-40.0,6,Hamal:64.2818:250.561|Mirfak:74.2235:342.7253|Mars:40.8299:88.6486|Venus:70.2393:126.3351|Kochab:19.6447:4.4894|Sirius:24.1357:134.3166
2027-07-02T19:57:55Z,-33.87,151.21,6,Acamar:62.6907:113.2133|Aldebaran:15.2037:57.4385|Achernar:65.0633:162.6726|Hamal:29.2082:21.9536|Enif:28.8211:307.4511|Markab:35.4054:330.2661
2023-02-20T16:41:37Z,35.0,-40.0,6,Mars:26.8645:76.838|Saturn:34.0026:215.8515|Enif:49.8842:239.8162|Fomalhaut:23.7485:195.2286|Eltanin:25.8228:316.2398|Aldebaran:26.78:87.9233
2037-10-20T22:20:14Z,0.0,0.0,6,Deneb:24.3086:321.4057|Menkar:48.5266:83.5967|Alnair:35.4481:206.5517|Schedar:33.0566:3.8594|Mirfak:26.0101:31.5429|Mars:28.5902:66.5072
2016-05-30T12:59:39Z,20.0,179.9,6,Altair:54.7848:103.2821|Polaris:19.4893:0.4629|Alioth:27.8352:323.517|Spica:21.6743:248.4084|Mars:40.9084:213.8557|Menkent:15.5894:220.7151
2044-09-28T01:29:22Z,-55.9,-67.2,6,Shaula:47.2008:270.584|Nunki:49.6239:301.3039|Mars:18.0336:259.9139|Altair:22.0245:333.9179|Saturn:15.6305:261.624|Markab:15.816:24.1839
2027-06-01T06:00:14Z,20.0,179.9,6,Alphecca:22.1882:68.4967|Capella:21.2112:312.8609|Kochab:26.4375:15.9073|Betelgeuse:20.9904:270.4225|Procyon:44.4889:257.0825|Elnath:20.058:294.1998
2034-06-11T04:53:17Z,1.35,103.82,6,Adhara:49.3503:140.5754|Avior:18.1195:156.3092|Hamal:41.531:300.965|Acamar:39.3146:211.4298|Alphard:23.8945:100.2564|Suhail:19.859:137.8723
2042-04-26T09:52:52Z,0.0,0.0,6,Enif:52.6229:286.7338|Acamar:34.4883:141.4545|Diphda:70.3001:154.7878|Menkar:46.4661:83.8199|Deneb:25.5792:322.1617|Schedar:32.8733:5.1917
2029-11-20T21:47:50Z,20.0,179.9,6,Zubenelg.:50.5352:155.255|Sun:40.6862:142.2489|Spica:58.243:190.021|Alphard:20.0833:252.1689|Rasalhague:34.9934:88.4358|Dubhe:39.7928:336.1975
2047-03-06T23:52:46Z,20.0,179.9,6,Hamal:43.9145:75.9367|Fomalhaut:40.5774:177.3209|Ankaa:23.9691:160.3662|Diphda:42.8811:141.284|Nunki:17.0538:232.8652|Jupiter:51.723:104.1102
2039-12-20T05:23:07Z,20.0,179.9,6,Altair:39.4481:265.1542|Hamal:50.0467:76.6846|Alnair:21.5532:192.1932|Fomalhaut:40.4057:185.0166|Vega:27.8697:304.2097|Diphda:46.4671:148.7251
2047-11-21T11:19:00Z,0.0,0.0,6,Mars:48.103:266.8698|Shaula:41.3244:143.4998|Moon:22.7448:111.9444|Gienah:41.8019:245.7807|Gacrux:23.7451:203.0538|Alkaid:37.1559:341.4381
2024-09-22T10:20:20Z,-55.9,-67.2,6,Acrux:45.0042:140.8235|Avior:70.6419:115.8779|Sirius:49.8098:17.8176|Suhail:57.6266:87.9656|Fomalhaut:16.3904:241.261|Menkar:20.0809:312.7404
2017-08-25T06:03:29Z,64.15,-21.95,6,Alioth:32.0617:18.6791|Venus:23.0887:91.2993|Kochab:48.2413:359.9846|Deneb:38.9723:295.3939|Alkaid:24.0356:11.0645|Hamal:48.7995:194.8004
2002-05-30T20:39:21Z,0.0,0.0,6,Antares:35.6656:123.2307|Alphecca:46.5196:49.2201|Arcturus:65.27:38.2808|Rigil Kent:26.867:168.2328|Dubhe:23.6556:344.0806|Regulus:42.9085:286.4314
2040-08-19T14:28:40Z,43.77,11.25,6,Saturn:44.1121:190.4019|Mars:43.7721:199.2822|Kochab:57.6041:12.8918|Jupiter:44.465:200.0596|Eltanin:42.6139:53.7654|Dubhe:64.811:325.4473
2014-03-19T08:16:28Z,35.0,-40.0,6,Shaula:17.8458:177.7169|Altair:47.3542:118.7696|Schedar:19.2185:33.3419|Antares:27.2553:193.442|Spica:17.2708:242.1722|Arcturus:45.8257:261.5307
2031-05-04T06:02:49Z,35.0,-40.0,6,Enif:35.1927:103.5274|Alpheratz:16.386:65.4134|Polaris:34.5641:0.5166|Eltanin:73.3461:352.8122|Shaula:17.4265:187.2618|Mars:20.0945:232.8791
2016-01-26T20:23:19Z,20.0,179.9,6,Saturn:49.1817:178.237|Alioth:34.4372:324.9343|Alkaid:44.3085:320.4404|Nunki:33.8618:144.2439|Alphecca:72.6613:295.8763|Menkent:22.3985:213.5127
2039-03-04T08:15:40Z,0.0,0.0,6,Vega:50.7524:352.2158|Atria:17.4848:191.654|Antares:44.8983:230.9338|Eltanin:36.6654:347.2624|Kaus Aus.:54.5772:193.1463|Zubenelg.:26.2149:251.8797
2047-02-09T01:24:10Z,64.15,-21.95,6,Aldebaran:24.2216:257.8754|Alphecca:21.1896:72.5745|Schedar:37.4556:326.7521|Pollux:51.3226:210.6057|Bellatrix:19.9339:241.5043|Arcturus:22.9364:93.7477
2009-05-22T14:55:09Z,-55.9,-67.2,6,Miaplacidus:47.6232:149.7886|Diphda:47.2756:322.161|Peacock:43.6481:229.351|Alnilam:23.4554:53.1118|Bellatrix:17.8212:46.9757|Suhail:29.8812:124.5244
2005-04-06T08:22:07Z,20.0,179.9,6,Betelgeuse:38.8184:263.2975|Mirfak:15.7988:317.9668|Spica:22.1746:111.8|Adhara:30.2628:215.9681|Alkaid:30.0504:43.839|Arcturus:21.0654:76.4714
2045-07-17T02:37:29Z,0.0,0.0,6,Kaus Aus.:26.0254:231.0913|Fomalhaut:59.0092:162.3045|Hamal:29.266:62.5916|Markab:70.4888:37.09|Alpheratz:50.331:39.8604|Nunki:35.0664:237.3081
2041-01-30T03:47:55Z,-55.9,-67.2,6,Procyon:28.8864:355.2558|Miaplacidus:73.7364:156.5794|Regulus:16.9138:33.9785|Alphard:39.6182:29.9014|Acrux:56.6621:130.9016|Rigil Kent:42.2266:140.017
2033-10-23T10:53:16Z,35.0,-40.0,6,Alkaid:49.9807:52.9834|Spica:26.2759:127.8248|Capella:33.5991:306.1235|Kochab:39.7174:19.2563|Mirfak:18.2794:318.8712|Regulus:66.6458:187.3057
2006-03-02T05:34:48Z,1.35,103.82,6,Fomalhaut:58.9338:184.8945|Peacock:23.2782:203.011|Achernar:24.3367:158.9958|Altair:40.048:280.4798|Ankaa:43.0406:160.5046|Menkar:31.7603:85.997
2032-05-08T14:28:59Z,20.0,179.9,6,Alphecca:61.6512:289.2179|Jupiter:33.9394:133.0743|Shaula:32.8782:180.1515|Spica:21.0917:248.6241|Kaus Aus.:34.3574:167.5333|Arcturus:43.1986:277.6913
2012-11-04T17:33:24Z,-55.9,-67.2,6,Rasalhague:18.805:24.1397|Hadar:74.0287:241.4692|Avior:36.4815:214.8992|Antares:60.121:12.7097|Suhail:28.3971:233.3599|Acrux:62.7182:232.5162
2017-10-25T09:15:35Z,0.0,0.0,6,Sun:51.1933:109.738|Avior:20.1614:203.2987|Jupiter:50.0409:108.2924|Suhail:36.0963:211.5802|Adhara:19.1113:239.136|Hadar:22.7298:160.5991
2011-06-03T12:27:58Z,20.0,179.9,6,Kochab:32.5173:349.0458|Altair:50.442:100.4944|Alioth:30.4609:323.9252|Enif:24.2339:87.8583|Dubhe:16.4073:330.4022|Nunki:37.5236:150.8821
2015-04-04T00:03:09Z,0.0,0.0,6,Alkaid:39.2597:11.9869|Zubenelg.:56.1747:119.8883|Shaula:15.141:128.6856|Denebola:69.0383:314.3595|Regulus:48.0972:287.9672|Menkent:49.4684:156.0773
2029-08-08T09:40:09Z,1.35,103.82,6,Venus:56.3213:275.8693|Sun:22.0219:286.7283|Gacrux:29.6387:190.9833|Denebola:59.0463:296.3963|Acrux:23.841:189.2046|Sabik:35.8877:110.6328
2043-09-27T21:45:43Z,64.15,-21.95,6,Deneb:71.2901:180.6982|Schedar:60.849:76.2181|Alkaid:37.7615:306.4362|Mirfak:39.563:54.9593|Polaris:64.0153:1.2607|Dubhe:38.4454:339.2708
2039-10-20T21:22:00Z,0.0,0.0,6,Diphda:62.2247:130.9128|Menkar:33.4975:84.908|Hamal:42.3453:57.1294|Fomalhaut:60.2429:188.3269|Alpheratz:58.201:21.7162|Peacock:23.9366:204.0073
2032-02-05T20:12:34Z,20.0,179.9,6,Moon:46.4124:205.6306|Altair:50.3098:100.3211|Menkent:18.4739:217.8728|Enif:24.1045:87.7025|Venus:38.776:143.4354|Kochab:32.5675:348.9483
2002-01-31T03:01:09Z,-55.9,-67.2,6,Adhara:62.9563:353.1139|Miaplacidus:70.8898:147.971|Achernar:46.8046:231.8206|Betelgeuse:24.6801:338.7112|Bellatrix:23.8994:330.4932|Atria:37.659:164.5707
2043-06-23T18:43:21Z,-55.9,-67.2,6,Alnair:15.168:198.9896|Alphard:41.0899:22.489|Adhara:59.4685:323.1625|Gacrux:56.603:119.243|Alnilam:26.1605:313.2146|Procyon:28.4254:348.5734
2032-04-05T00:47:10Z,-33.87,151.21,6,Alnair:67.5432:227.5858|Moon:40.6939:282.6794|Jupiter:39.4314:270.3637|Canopus:21.2453:140.108|Shaula:17.6068:236.6631|Mars:25.1066:47.1172
2037-12-30T11:57:55Z,20.0,179.9,6,Canopus:17.2496:181.547|Dubhe:27.9984:29.9927|Elnath:72.7118:303.1358|Suhail:17.1793:151.6982|Rigel:55.8902:216.2119|Mirfak:42.446:320.5121
2006-08-16T20:25:47Z,20.0,179.9,6,Schedar:21.3797:324.2212|Pollux:65.8618:65.7964|Regulus:31.3382:87.9321|Alphard:32.5979:115.0548|Dubhe:24.8019:30.2114|Mirfak:46.3673:322.9028
2015-08-17T02:17:11Z,20.0,179.9,6,Alphecca:39.8875:71.4398|Arcturus:57.3072:85.5392|Gienah:52.0779:172.5406|Sun:57.677:263.7559|Menkent:25.7189:151.2861|Mars:41.8271:279.3382
2013-12-17T13:28:23Z,-55.9,-67.2,6,Acrux:71.396:233.0264|Zubenelg.:50.1766:2.5171|Sun:44.2377:63.2043|Kaus Aus.:47.1133:83.6633|Shaula:56.0754:74.4751|Peacock:45.7635:128.3048
2016-06-18T16:07:58Z,-55.9,-67.2,6,Diphda:25.3409:275.3357|Menkar:22.9853:320.0627|Aldebaran:16.7482:347.0786|Miaplacidus:62.2224:141.9666|Procyon:23.2007:36.0744|Acamar:61.0307:286.7953
2019-05-26T04:06:40Z,43.77,11.25,6,Alpheratz:50.8464:96.1313|Moon:28.6801:162.2|Vega:62.0267:272.6523|Altair:51.6336:210.2075|Polaris:43.7986:0.9115|Alphecca:23.2513:285.3374
2015-06-17T00:14:53Z,-55.9,-67.2,6,Denebola:16.783:335.7127|Alphard:24.0759:291.3121|Peacock:37.6524:137.9813|Kaus Aus.:36.049:99.8169|Miaplacidus:59.8404:217.8378|Menkent:69.2997:24.3649
2050-12-02T03:28:08Z,43.77,11.25,6,Pollux:68.8833:226.9871|Procyon:47.8694:208.838|Moon:57.468:217.6139|Alioth:51.018:50.6283|Denebola:42.7379:114.8293|Alkaid:41.414:56.6435
2004-03-10T20:05:43Z,1.35,103.82,6,Alkaid:41.6718:353.7639|Arcturus:72.1927:359.65|Menkent:52.1969:183.0801|Antares:47.5078:133.2452|Rasalhague:39.5126:74.791|Gacrux:27.8316:195.7339
2030-03-22T08:49:52Z,35.0,-40.0,6,Alphecca:56.2066:266.3819|Alioth:34.4683:318.0654|Eltanin:73.3737:353.3567|Dubhe:23.4048:330.0997|Kochab:44.2047:342.976|Deneb:59.338:58.4678
2050-05-04T18:53:26Z,43.77,11.25,6,Alphecca:27.2047:78.2593|Capella:37.4231:301.4791|Alphard:35.6273:198.2596|Alioth:63.9149:49.8632|Jupiter:51.4137:246.6401|Mirfak:23.9818:317.3479
2025-10-08T04:45:16Z,0.0,0.0,6,Regulus:25.369:76.8723|Elnath:60.7221:348.4418|Adhara:56.9838:152.8492|Aldebaran:64.969:312.3544|Avior:23.7277:160.3923|Suhail:28.5014:141.6044
2012-05-15T14:36:59Z,1.35,103.82,6,Mars:53.5641:284.5659|Menkent:49.6984:161.1245|Alkaid:41.3029:8.8729|Gacrux:31.0336:185.5603|Shaula:17.4237:129.7874|Suhail:20.487:221.952
2042-08-03T05:56:29Z,0.0,0.0,6,Procyon:15.6311:84.6871|Acamar:49.7114:175.3904|Schedar:28.2308:341.6904|Achernar:31.5115:190.2892|Canopus:20.2556:148.0037|Hamal:64.883:341.0
2047-03-17T07:57:18Z,35.0,-40.0,6,Kochab:48.1001:347.5215|Alphecca:70.9259:249.2003|Enif:20.0798:91.6161|Rasalhague:65.7217:155.2953|Dubhe:31.4136:326.035|Denebola:19.2741:274.2821
2025-11-07T10:55:21Z,64.15,-21.95,6,Eltanin:48.4996:67.9485|Jupiter:26.949:263.1865|Capella:33.2569:308.3242|Denebola:39.6769:194.1401|Vega:34.064:70.1446|Elnath:18.6979:297.4885
2025-06-14T02:31:34Z,0.0,0.0,6,Eltanin:32.1734:337.5753|Moon:64.3275:184.7568|Antares:32.7663:237.9653|Ankaa:17.3025:134.6737|Deneb:43.7734:9.763|Peacock:33.1171:175.817
2016-03-11T13:18:57Z,1.35,103.82,6,Miaplacidus:16.8869:171.1665|Canopus:34.0621:192.4235|Jupiter:33.6807:83.5174|Gienah:17.6627:108.9958|Betelgeuse:65.1561:284.8289|Alnilam:60.9585:265.0948
2032-04-22T18:47:15Z,-55.9,-67.2,6,Achernar:67.5297:249.7459|Peacock:32.8341:214.9567|Acamar:69.0362:309.6718|Hadar:29.5663:161.3417|Ankaa:50.3027:264.6042|Betelgeuse:23.8355:25.3225
2012-05-16T09:40:27Z,43.77,11.25,6,Venus:45.1142:93.6607|Bellatrix:32.1642:114.9139|Aldebaran:47.7492:117.9412|Deneb:35.2089:301.9502|Pollux:21.905:71.6153|Hamal:69.7296:177.0949
2048-01-27T22:58:42Z,35.0,-40.0,6,Menkar:51.3373:223.1573|Adhara:18.5613:149.3488|Pollux:50.8831:87.4527|Dubhe:27.986:32.5799|Sirius:30.7848:145.8517|Procyon:39.7164:116.1491
2042-03-06T19:18:37Z,43.77,11.25,6,Aldebaran:49.2538:239.5951|Regulus:38.4789:113.6356|Capella:71.8018:286.1316|Moon:24.6608:102.984|Mars:58.6245:125.6686|Alnilam:41.294:208.4385
2048-11-20T02:50:44Z,43.77,11.25,6,Hamal:22.2552:282.0804|Aldebaran:44.0385:247.9208|Pollux:73.9036:169.26|Schedar:29.388:322.2347|Bellatrix:43.3947:226.0826|Sirius:28.4713:192.9777
2034-10-02T16:32:40Z,-33.87,151.21,6,Moon:34.5034:24.3959|Rigel:53.4574:51.798|Procyon:17.8798:70.7463|Betelgeuse:34.9758:48.7675|Alnilam:44.6306:51.121|Adhara:44.0713:99.4031
2034-03-31T18:21:17Z,0.0,0.0,6,Moon:35.3272:81.7252|Mars:35.138:294.2556|Miaplacidus:16.6049:168.4469|Betelgeuse:73.0726:296.2785|Sirius:72.9939:189.3874|Pollux:59.662:21.939
2022-05-20T06:56:45Z,-33.87,151.21,6,Alphard:63.5976:20.0044|Gienah:41.8981:83.6187|Spica:24.2251:87.494|Acamar:22.0828:235.4661|Canopus:57.5663:223.0888|Hadar:34.7306:144.0911
2004-01-22T04:59:50Z,-55.9,-67.2,6,Menkent:33.0721:107.5126|Rigel:28.3579:300.543|Acamar:35.4379:248.6128|Regulus:19.3669:24.4177|Gacrux:58.3583:117.3114|Atria:41.4686:156.5619
2039-01-01T03:48:07Z,-55.9,-67.2,6,Miaplacidus:65.0633:142.7166|Fomalhaut:16.0106:240.8124|Rigel:41.421:344.8912|Alphard:27.9729:61.6753|Ankaa:37.0587:247.472|Acamar:56.5145:278.5049
2017-07-21T16:43:17Z,-55.9,-67.2,6,Alnair:15.6267:200.1792|Menkent:30.1656:111.5577|Bellatrix:18.9012:315.616|Ankaa:21.7886:225.5657|Rigil Kent:43.6807:138.1358|Adhara:60.0663:326.332
2049-07-04T05:59:53Z,43.77,11.25,6,Venus:50.6933:119.7879|Aldebaran:42.861:110.4359|Alpheratz:67.838:236.5067|Rigel:17.9772:121.1452|Markab:47.7059:239.7362|Alnilam:19.7737:111.9981
2008-02-27T17:58:37Z,20.0,179.9,6,Alkaid:47.0637:322.4297|Arcturus:59.421:273.9976|Denebola:24.1971:277.4125|Alioth:36.9405:325.9942|Jupiter:32.3084:135.3823|Spica:35.7513:238.8771
2007-09-07T15:05:37Z,1.35,103.82,6,Altair:69.8787:292.6446|Markab:57.5197:63.0712|Alpheratz:38.4442:52.909|Vega:39.4278:322.3688|Deneb:45.7113:353.8455|Rasalhague:36.6037:284.6767
